1,0.00001,7.592774537163084
1,0.02001,7.585735863630259
1,0.040010000000000004,7.564681037564495
1,0.06001,7.529755477410509
1,0.08001,7.481198384343387
1,0.10001,7.419338161966391
1,0.12000999999999999,7.344586249620168
1,0.14001000000000002,7.257429595599098
1,0.16001,7.158422036090423
1,0.18001,7.048174869926193
1,0.20001000000000002,6.927346959699205
1,0.22001,6.796634552159524
1,0.24001,6.656761127529618
1,0.26001,6.508467723872136
1,0.28001000000000004,6.352503699914915
1,0.30001,6.189618202852318
1,0.32001,6.020552366475632
1,0.34001000000000003,5.846032503173896
1,0.36001,5.666764231827025
1,0.38001,5.483427517197743
1,0.40001000000000003,5.296672733126353
1,0.42001,5.107117495935146
1,0.44001,4.915344467459585
1,0.46001000000000003,4.721899799561442
1,0.48001,4.527292342362663
1,0.50001,4.3319933935924375
1,0.52001,4.136436884288182
1,0.54001,3.9410203307246037
1,0.56001,3.746105333062385
1,0.5800099999999999,3.552019463133718
1,0.6000099999999999,3.3590576996246053
1,0.62001,3.167483790948834
1,0.64001,2.977532204830251
1,0.66001,2.7894099079270873
1,0.68001,2.603298302306891
1,0.70001,2.419354968765201
1,0.7200099999999999,2.237715489196539
1,0.74001,2.0584952966926
1,0.76001,1.8817910145443084
1,0.78001,1.7076830967806604
1,0.80001,1.5362360025613018
1,0.82001,1.3675001567686602
1,0.8400099999999999,1.2015136968567792
1,0.8600099999999999,1.0383033980182268
1,0.88001,0.8778859534781357
1,0.90001,0.7202690513075751
1,0.92001,0.5654522942783334
1,0.94001,0.413428795755543
1,0.9600099999999999,0.2641873664905031
1,0.9800099999999999,0.11772321243974411
21,0.00001,7.592774537201649
21,0.02001,7.585934539584478
21,0.040010000000000004,7.565472685065746
21,0.06001,7.531526353601361
21,0.08001,7.484321606507304
21,0.10001,7.424168976808024
21,0.12000999999999999,7.351457795387474
21,0.14001000000000002,7.266649255690324
21,0.16001,7.170268455728642
21,0.18001,7.062895678785999
21,0.20001000000000002,6.945157205636973
21,0.22001,6.817715873515193
21,0.24001,6.681261568158074
21,0.26001,6.536502166710946
21,0.28001000000000004,6.384154850159695
21,0.30001,6.224938033614437
21,0.32001,6.059563969674308
21,0.34001000000000003,5.888732199079211
21,0.36001,5.713123916256798
21,0.38001,5.53339712863391
21,0.40001000000000003,5.350182779607573
21,0.42001,5.164081613684124
21,0.44001,4.97566187735903
21,0.46001000000000003,4.785457744148519
21,0.48001,4.593968305584585
21,0.50001,4.401657314057665
21,0.52001,4.2089530323379805
21,0.54001,4.016249170374082
21,0.56001,3.8239052134773495
21,0.5800099999999999,3.6322479130392162
21,0.6000099999999999,3.4415727902116093
21,0.62001,3.2521454256234525
21,0.64001,3.064203015025971
21,0.66001,2.8779562429058245
21,0.68001,2.6935910397497804
21,0.70001,2.5112702767071
21,0.7200099999999999,2.3311356938709094
21,0.74001,2.1533095349666556
21,0.76001,1.9778964125868412
21,0.78001,1.8049853264467826
21,0.80001,1.6346517048662752
21,0.82001,1.4669587257339587
21,0.8400099999999999,1.30196076843834
21,0.8600099999999999,1.1397067839942008
21,0.88001,0.980245847939558
21,0.90001,0.8236374529622876
21,0.92001,0.6699731622788543
21,0.94001,0.519432918393887
21,0.9600099999999999,0.37246187538122477
21,0.9800099999999999,0.2305313911720262
41,0.00001,7.59277453731031
41,0.02001,7.586494302426725
41,0.040010000000000004,7.567703537680949
41,0.06001,7.536518188175495
41,0.08001,7.493129240879047
41,0.10001,7.437799452291261
41,0.12000999999999999,7.370858924340409
41,0.14001000000000002,7.292699674506163
41,0.16001,7.203769373309235
41,0.18001,7.104564440447455
41,0.20001000000000002,6.995622703592689
41,0.22001,6.877515854853364
41,0.24001,6.750841695671148
41,0.26001,6.616216681256951
41,0.28001000000000004,6.474268731008804
41,0.30001,6.325630425950196
41,0.32001,6.170932737011037
41,0.34001000000000003,6.01079927260236
41,0.36001,5.8458412798661
41,0.38001,5.676653285522873
41,0.40001000000000003,5.503809388610643
41,0.42001,5.327860297412358
41,0.44001,5.149330898823877
41,0.46001000000000003,4.9687185228962765
41,0.48001,4.786491716725274
41,0.50001,4.603089470561813
41,0.52001,4.418921050433895
41,0.54001,4.234365843547239
41,0.56001,4.049774130875128
41,0.5800099999999999,3.865467416132473
41,0.6000099999999999,3.6817394533396213
41,0.62001,3.49885760680855
41,0.64001,3.3170639497648353
41,0.66001,3.1365764130059404
41,0.68001,2.9575904606655548
41,0.70001,2.7802804830287955
41,0.7200099999999999,2.604801458865634
41,0.74001,2.431290499553888
41,0.76001,2.2598685631399507
41,0.78001,2.090642334732149
41,0.80001,1.92370587175807
41,0.82001,1.7591437778972532
41,0.8400099999999999,1.5970330788226033
41,0.8600099999999999,1.437446942645941
41,0.88001,1.2804606626386905
41,0.90001,1.126159925534756
41,0.92001,0.9746555953900681
41,0.94001,0.8261120597814557
41,0.9600099999999999,0.680806083119225
41,0.9800099999999999,0.539265970745644
61,0.00001,7.592774537488933
61,0.02001,7.587414746530711
61,0.040010000000000004,7.571373158136363
61,0.06001,7.5447343782042955
61,0.08001,7.507638008306406
61,0.10001,7.460276597243536
61,0.12000999999999999,7.402892857534147
61,0.14001000000000002,7.335776225975573
61,0.16001,7.259258863241665
61,0.18001,7.173711198989101
61,0.20001000000000002,7.079537135873613
61,0.22001,6.977169037437198
61,0.24001,6.867062619438925
61,0.26001,6.749691712470151
61,0.28001000000000004,6.625543286667578
61,0.30001,6.495112615082064
61,0.32001,6.358898683443771
61,0.34001000000000003,6.217399935935601
61,0.36001,6.071110324556037
61,0.38001,5.92051581666315
61,0.40001000000000003,5.766091335776776
61,0.42001,5.608298065503291
61,0.44001,5.447581234891391
61,0.46001000000000003,5.284368300282599
61,0.48001,5.119067454919343
61,0.50001,4.952066611002681
61,0.52001,4.783732625266303
61,0.54001,4.614410844861404
61,0.56001,4.444425046441792
61,0.5800099999999999,4.274077291371357
61,0.6000099999999999,4.10364845601662
61,0.62001,3.9333985884801095
61,0.64001,3.7635673013412316
61,0.66001,3.594374883906364
61,0.68001,3.4260230867896486
61,0.70001,3.2586958814860436
61,0.7200099999999999,3.092560464812446
61,0.74001,2.927768454003976
61,0.76001,2.764456957471625
61,0.78001,2.6027498115066554
61,0.80001,2.442758848000049
61,0.82001,2.2845852984342825
61,0.8400099999999999,2.128321401093668
61,0.8600099999999999,1.9740520579468719
61,0.88001,1.8218574202653628
61,0.90001,1.6718156150873733
61,0.92001,1.524005985472007
61,0.94001,1.378515044516434
61,0.9600099999999999,1.2354448724954168
61,0.9800099999999999,1.0949261853276242
81,0.00001,7.592774537737395
81,0.02001,7.588695205960737
81,0.040010000000000004,7.576480835629971
81,0.06001,7.55618056295047
81,0.08001,7.527875656083884
81,0.10001,7.4916786031325175
81,0.12000999999999999,7.447731864052834
81,0.14001000000000002,7.396206313867915
81,0.16001,7.337299410561699
81,0.18001,7.27123312585696
81,0.20001000000000002,7.1982516805953765
81,0.22001,7.118619128595519
81,0.24001,7.032616833705837
81,0.26001,6.940540908955104
81,0.28001000000000004,6.842699574940141
81,0.30001,6.739410548912286
81,0.32001,6.630998558861443
81,0.34001000000000003,6.517792908314263
81,0.36001,6.400125157842591
81,0.38001,6.278326954985643
81,0.40001000000000003,6.1527280057093945
81,0.42001,6.023654206020587
81,0.44001,5.891426006736179
81,0.46001000000000003,5.756356941241365
81,0.48001,5.618752312265094
81,0.50001,5.478908113495556
81,0.52001,5.33711011972067
81,0.54001,5.193633097980703
81,0.56001,5.048740252954791
81,0.5800099999999999,4.902682816222236
81,0.6000099999999999,4.7556996953799
81,0.62001,4.60801735949093
81,0.64001,4.459849841715304
81,0.66001,4.311398631544012
81,0.68001,4.1628529880221
81,0.70001,4.0143902479944416
81,0.7200099999999999,3.866175764406614
81,0.74001,3.718363610846911
81,0.76001,3.571096985355893
81,0.78001,3.42450866824891
81,0.80001,3.278721425317368
81,0.82001,3.1338485680588546
81,0.8400099999999999,2.9899946705557308
81,0.8600099999999999,2.847256081349421
81,0.88001,2.7057217409625802
81,0.90001,2.565473767946218
81,0.92001,2.426588432115027
81,0.94001,2.289136916265163
81,0.9600099999999999,2.153186492115882
81,0.9800099999999999,2.0188016428694704
101,0.00001,7.592774538055515
101,0.02001,7.59033475648896
101,0.040010000000000004,7.583025598323653
101,0.06001,7.570864697776662
101,0.08001,7.553881309620176
101,0.10001,7.532116111597293
101,0.12000999999999999,7.505620931555334
101,0.14001000000000002,7.474458402938333
101,0.16001,7.438701553173519
101,0.18001,7.398433330279613
101,0.20001000000000002,7.353746073703536
101,0.22001,7.304740935939445
101,0.24001,7.251527261909502
101,0.26001,7.1942219333605575
101,0.28001000000000004,7.132948685689506
101,0.30001,7.067837404626941
101,0.32001,6.999023413279741
101,0.34001000000000003,6.926646766407892
101,0.36001,6.850851482623028
101,0.38001,6.771784852908303
101,0.40001000000000003,6.689596748506115
101,0.42001,6.604438940904102
101,0.44001,6.51646444526664
101,0.46001000000000003,6.425826891498156
101,0.48001,6.332679928310669
101,0.50001,6.237176666256802
101,0.52001,6.139469127145512
101,0.54001,6.039707770037096
101,0.56001,5.938041045862492
101,0.5800099999999999,5.834614994114735
101,0.6000099999999999,5.729572862490721
101,0.62001,5.62305478270471
101,0.64001,5.51519748992218
101,0.66001,5.406134078910361
101,0.68001,5.2959937762960205
101,0.70001,5.18490176430614
101,0.7200099999999999,5.072979051888886
101,0.74001,4.960342373529501
101,0.76001,4.8471040797366625
101,0.78001,4.733372095437878
101,0.80001,4.619249911949124
101,0.82001,4.50483661297034
101,0.8400099999999999,4.390226793025336
101,0.8600099999999999,4.275510669408495
101,0.88001,4.160774181712816
101,0.90001,4.046099084158003
101,0.92001,3.931562828363075
101,0.94001,3.8172388681415144
101,0.9600099999999999,3.7031967711265232
101,0.9800099999999999,3.5895023291244494
121,0.00001,7.592774538442985
121,0.02001,7.592332218385216
121,0.040010000000000004,7.591006230600641
121,0.06001,7.588797156973414
121,0.08001,7.585705966463989
121,0.10001,7.581734013913251
121,0.12000999999999999,7.576883038373233
121,0.14001000000000002,7.571155160967261
121,0.16001,7.5645528822856765
121,0.18001,7.557079079323234
121,0.20001000000000002,7.548737001965863
121,0.22001,7.539530269034727
121,0.24001,7.529462863898275
121,0.26001,7.518539129661772
121,0.28001000000000004,7.50676376394651
121,0.30001,7.494141813270861
121,0.32001,7.480678667046506
121,0.34001000000000003,7.466380051204042
121,0.36001,7.4512520214624525
121,0.38001,7.435300956258517
121,0.40001000000000003,7.418533549351406
121,0.42001,7.400956802120314
121,0.44001,7.382578015570905
121,0.46001000000000003,7.3634047820700985
121,0.48001,7.343444976824195
121,0.50001,7.322706749123137
121,0.52001,7.301198513364566
121,0.54001,7.278928939880029
121,0.56001,7.255906945580348
121,0.5800099999999999,7.232141684440211
121,0.6000099999999999,7.207642537839822
121,0.62001,7.182419104783649
121,0.64001,7.15648119201413
121,0.66001,7.129838804039369
121,0.68001,7.102502133093296
121,0.70001,7.07448154904586
121,0.7200099999999999,7.045787589281608
121,0.74001,7.016430949116764
121,0.76001,6.986422475165043
121,0.78001,6.955773146850661
121,0.80001,6.924494069417521
121,0.82001,6.892596465114022
121,0.8400099999999999,6.860091663228938
121,0.8600099999999999,6.826991090191289
121,0.88001,6.793306259734463
121,0.90001,6.759048763106377
121,0.92001,6.72423025926458
121,0.94001,6.6888624648612325
121,0.9600099999999999,6.652957143292956
121,0.9800099999999999,6.616526088954149
141,0.00001,7.592774538899408
141,0.02001,7.594686159961314
141,0.040010000000000004,7.600421294959113
141,0.06001,7.6099908654748445
141,0.08001,7.623413137384829
141,0.10001,7.640713819163429
141,0.12000999999999999,7.661926200992681
141,0.14001000000000002,7.687091336144198
141,0.16001,7.716258263134479
141,0.18001,7.749484280564238
141,0.20001000000000002,7.78683527078014
141,0.22001,7.82838607405403
141,0.24001,7.874220922015633
141,0.26001,7.924433934120984
141,0.28001000000000004,7.979129683212492
141,0.30001,8.038423837252573
141,0.32001,8.102443885501508
141,0.34001000000000003,8.171329958793738
141,0.36001,8.24523575519845
141,0.38001,8.324329584272444
141,0.40001000000000003,8.408795530247373
141,0.42001,8.49883476449871
141,0.44001,8.594667078547891
141,0.46001000000000003,8.696532561530741
141,0.48001,8.804693517431883
141,0.50001,8.91943664189091
141,0.52001,9.04107549410279
141,0.54001,9.169953259443876
141,0.56001,9.306446015106484
141,0.5800099999999999,9.450966416210234
141,0.6000099999999999,9.60396792780605
141,0.62001,9.765949695173653
141,0.64001,9.93746213090899
141,0.66001,10.119113563367263
141,0.68001,10.311577884638195
141,0.70001,10.515603473057588
141,0.7200099999999999,10.732023740790526
141,0.74001,10.961769726770626
141,0.76001,11.205884882531773
141,0.78001,11.465542881699406
141,0.80001,11.742069320501843
141,0.82001,12.036967755301022
141,0.8400099999999999,12.3519510840091
141,0.8600099999999999,12.68898159557239
141,0.88001,13.05031963840695
141,0.90001,13.438584977225387
141,0.92001,13.856835620987408
141,0.94001,14.308667823293579
141,0.9600099999999999,14.798348258540775
141,0.9800099999999999,15.33098800401053
161,0.00001,7.59277453942444
161,0.02001,7.597394901847985
161,0.040010000000000004,7.611269158383715
161,0.06001,7.634461459467933
161,0.08001,7.667079640981486
161,0.10001,7.709276639498525
161,0.12000999999999999,7.761252517702298
161,0.14001000000000002,7.823257184509566
161,0.16001,7.895593847939791
161,0.18001,7.978623316036122
161,0.20001000000000002,8.072769270949435
161,0.22001,8.178524676849833
161,0.24001,8.296459527259152
161,0.26001,8.427230169009212
161,0.28001000000000004,8.571590484197534
161,0.30001,8.730405567550763
161,0.32001,8.90466816865788
161,0.34001000000000003,9.095518711193861
161,0.36001,9.304269620171128
161,0.38001,9.532435537824313
161,0.40001000000000003,9.781770614011826
161,0.42001,10.0543148559209
161,0.44001,10.352452940368254
161,0.46001000000000003,10.678988752744985
161,0.48001,11.037241450633617
161,0.50001,11.431170635965001
161,0.52001,11.865542290511195
161,0.54001,12.34615125425152
161,0.56001,12.88012546816844
161,0.5800099999999999,13.47635183558406
161,0.6000099999999999,14.146085427930029
161,0.62001,14.903845518893558
161,0.64001,15.768780038783897
161,0.66001,16.76682658375524
161,0.68001,17.934309683324926
161,0.70001,19.324322442043766
161,0.7200099999999999,20.
161,0.74001,20.
161,0.76001,20.
161,0.78001,20.
161,0.80001,20.
161,0.82001,20.
161,0.8400099999999999,20.
161,0.8600099999999999,20.
161,0.88001,20.
161,0.90001,20.
161,0.92001,20.
161,0.94001,20.
161,0.9600099999999999,20.
161,0.9800099999999999,20.
181,0.00001,7.592774540017608
181,0.02001,7.600456521976061
181,0.040010000000000004,7.623548023006104
181,0.06001,7.66222747597176
181,0.08001,7.716796556383022
181,0.10001,7.787686831988847
181,0.12000999999999999,7.875469526491169
181,0.14001000000000002,7.980868789821628
181,0.16001,8.104779136117706
181,0.18001,8.248287927889844
181,0.20001000000000002,8.412704090599666
181,0.22001,8.59959452050022
181,0.24001,8.810830761002144
181,0.26001,9.048648685784382
181,0.28001000000000004,9.315725217992933
181,0.30001,9.615278428055811
181,0.32001,9.951199324441975
181,0.34001000000000003,10.328227263688527
181,0.36001,10.752188160494093
181,0.38001,11.230322576551213
181,0.40001000000000003,11.7717480761416
181,0.42001,12.388127438612495
181,0.44001,13.094658320135167
181,0.46001000000000003,13.911595987410806
181,0.48001,14.866687842962277
181,0.50001,15.999268823467549
181,0.52001,17.367604093707673
181,0.54001,19.06320659274651
181,0.56001,20.
181,0.5800099999999999,20.
181,0.6000099999999999,20.
181,0.62001,20.
181,0.64001,20.
181,0.66001,20.
181,0.68001,20.
181,0.70001,20.
181,0.7200099999999999,20.
181,0.74001,20.
181,0.76001,20.
181,0.78001,20.
181,0.80001,20.
181,0.82001,20.
181,0.8400099999999999,20.
181,0.8600099999999999,20.
181,0.88001,20.
181,0.90001,20.
181,0.92001,20.
181,0.94001,20.
181,0.9600099999999999,20.
181,0.9800099999999999,20.
201,0.00001,7.592774540678415
201,0.02001,7.603868861232053
201,0.040010000000000004,7.637255960844469
201,0.06001,7.693310571211204
201,0.08001,7.772670341406872
201,0.10001,7.876256466242953
201,0.12000999999999999,8.005304446049466
201,0.14001000000000002,8.161407068143959
201,0.16001,8.346572777428205
201,0.18001,8.56330380662112
201,0.20001000000000002,8.814700742487007
201,0.22001,9.104603330805979
201,0.24001,9.437780840049504
201,0.26001,9.820194259731316
201,0.28001000000000004,10.259362346012031
201,0.30001,10.764884301411252
201,0.32001,11.349203717880902
201,0.34001000000000003,12.02875987128579
201,0.36001,12.825784218546357
201,0.38001,13.771226070959548
201,0.40001000000000003,14.909781533594458
201,0.42001,16.309144823156007
201,0.44001,18.078642923035336
201,0.46001000000000003,20.
201,0.48001,20.
201,0.50001,20.
201,0.52001,20.
201,0.54001,20.
201,0.56001,20.
201,0.5800099999999999,20.
201,0.6000099999999999,20.
201,0.62001,20.
201,0.64001,20.
201,0.66001,20.
201,0.68001,20.
201,0.70001,20.
201,0.7200099999999999,20.
201,0.74001,20.
201,0.76001,20.
201,0.78001,20.
201,0.80001,20.
201,0.82001,20.
201,0.8400099999999999,20.
201,0.8600099999999999,20.
201,0.88001,20.
201,0.90001,20.
201,0.92001,20.
201,0.94001,20.
201,0.9600099999999999,19.179071519164093
201,0.9800099999999999,18.037066412973562
221,0.00001,7.5927745414062615
221,0.02001,7.607629529752386
221,0.040010000000000004,7.65239095239052
221,0.06001,7.727735763403796
221,0.08001,7.834824165246165
221,0.10001,7.975350648461195
221,0.12000999999999999,8.151621702310962
221,0.14001000000000002,8.366667688046455
221,0.16001,8.624400136186583
221,0.18001,8.929832347444192
221,0.20001000000000002,9.289390756277472
221,0.22001,9.711359360987322
221,0.24001,10.206528572784066
221,0.26001,10.789165069425078
221,0.28001000000000004,11.478509007117328
221,0.30001,12.301177647934836
221,0.32001,13.295212264841712
221,0.34001000000000003,14.517321430773293
221,0.36001,16.056913650107276
221,0.38001,18.0663890004945
221,0.40001000000000003,20.
221,0.42001,20.
221,0.44001,20.
221,0.46001000000000003,20.
221,0.48001,20.
221,0.50001,20.
221,0.52001,20.
221,0.54001,20.
221,0.56001,20.
221,0.5800099999999999,20.
221,0.6000099999999999,20.
221,0.62001,20.
221,0.64001,20.
221,0.66001,20.
221,0.68001,20.
221,0.70001,20.
221,0.7200099999999999,20.
221,0.74001,20.
221,0.76001,20.
221,0.78001,20.
221,0.80001,20.
221,0.82001,19.824755629908953
221,0.8400099999999999,18.447143997497374
221,0.8600099999999999,17.204891154130493
221,0.88001,16.078035000713022
221,0.90001,15.050477215636754
221,0.92001,14.109077479330706
221,0.94001,13.242988268089467
221,0.9600099999999999,12.44316981706797
221,0.9800099999999999,11.70202186067807
241,0.00001,7.592774542200544
241,0.02001,7.611735913817791
241,0.040010000000000004,7.668950928798965
241,0.06001,7.765531716874571
241,0.08001,7.903399421247336
241,0.10001,8.085393867896778
241,0.12000999999999999,8.315444630468601
241,0.14001000000000002,8.598825170962284
241,0.16001,8.942525245476133
241,0.18001,9.35580019453514
241,0.20001000000000002,9.850992456657567
241,0.22001,10.444794168710565
241,0.24001,11.160252590785294
241,0.26001,12.030096719373821
241,0.28001000000000004,13.102568127404387
241,0.30001,14.45238584358728
241,0.32001,16.203424135823322
241,0.34001000000000003,18.582348356467893
241,0.36001,20.
241,0.38001,20.
241,0.40001000000000003,20.
241,0.42001,20.
241,0.44001,20.
241,0.46001000000000003,20.
241,0.48001,20.
241,0.50001,20.
241,0.52001,20.
241,0.54001,20.
241,0.56001,20.
241,0.5800099999999999,20.
241,0.6000099999999999,20.
241,0.62001,20.
241,0.64001,20.
241,0.66001,20.
241,0.68001,20.
241,0.70001,20.
241,0.7200099999999999,20.
241,0.74001,18.669725613402523
241,0.76001,17.25028944466324
241,0.78001,15.979343243177793
241,0.80001,14.833710963851363
241,0.82001,13.794948553542751
241,0.8400099999999999,12.84817653391555
241,0.8600099999999999,11.981242050094021
241,0.88001,11.184111381576889
241,0.90001,10.448417300953965
241,0.92001,9.76712176709787
241,0.94001,9.134256194449483
241,0.9600099999999999,8.544720569404905
241,0.9800099999999999,7.99412964098354
261,0.00001,7.592774543060564
261,0.02001,7.616185183307173
261,0.040010000000000004,7.686933817372041
261,0.06001,7.806731050418386
261,0.08001,7.9785574711378535
261,0.10001,8.206877560593522
261,0.12000999999999999,8.49798229549268
261,0.14001000000000002,8.860516130446857
261,0.16001,9.306286126635724
261,0.18001,9.851521352894109
261,0.20001000000000002,10.518892949989057
261,0.22001,11.34088719284322
261,0.24001,12.365750354880701
261,0.26001,13.668731549861228
261,0.28001000000000004,15.375455552989797
261,0.30001,17.717510248700336
261,0.32001,20.
261,0.34001000000000003,20.
261,0.36001,20.
261,0.38001,20.
261,0.40001000000000003,20.
261,0.42001,20.
261,0.44001,20.
261,0.46001000000000003,20.
261,0.48001,20.
261,0.50001,20.
261,0.52001,20.
261,0.54001,20.
261,0.56001,20.
261,0.5800099999999999,20.
261,0.6000099999999999,20.
261,0.62001,20.
261,0.64001,20.
261,0.66001,19.13622434587025
261,0.68001,17.511644997203508
261,0.70001,16.07719451162184
261,0.7200099999999999,14.799884661174572
261,0.74001,13.654169734906466
261,0.76001,12.61992584930969
261,0.78001,11.681059350701682
261,0.80001,10.824529074006339
261,0.82001,10.039640994200411
261,0.8400099999999999,9.317534515812119
261,0.8600099999999999,8.65079608976253
261,0.88001,8.033171434192973
261,0.90001,7.4593413107122535
261,0.92001,6.924749856909766
261,0.94001,6.425468970256541
261,0.9600099999999999,5.9580921401936555
261,0.9800099999999999,5.519648980421797
281,0.00001,7.592774543985633
281,0.02001,7.620974299666062
281,0.040010000000000004,7.706337588562833
281,0.06001,7.85137067621878
281,0.08001,8.0604816434195
281,0.10001,8.340369121340046
281,0.12000999999999999,8.700662801394659
281,0.14001000000000002,9.154948448693437
281,0.16001,9.722420861945734
281,0.18001,10.430625048561184
281,0.20001000000000002,11.320210669826531
281,0.22001,12.453703131833542
281,0.24001,13.933091609524968
281,0.26001,15.93942601634436
281,0.28001000000000004,18.838806114632693
281,0.30001,20.
281,0.32001,20.
281,0.34001000000000003,20.
281,0.36001,20.
281,0.38001,20.
281,0.40001000000000003,20.
281,0.42001,20.
281,0.44001,20.
281,0.46001000000000003,20.
281,0.48001,20.
281,0.50001,20.
281,0.52001,20.
281,0.54001,20.
281,0.56001,20.
281,0.5800099999999999,20.
281,0.6000099999999999,19.21923171736236
281,0.62001,17.434721820779465
281,0.64001,15.877525563409446
281,0.66001,14.50497001720533
281,0.68001,13.284743963670964
281,0.70001,12.191882992668909
281,0.7200099999999999,11.206761940266324
281,0.74001,10.313711294533721
281,0.76001,9.500053261541275
281,0.78001,8.755404297092351
281,0.80001,8.071171028361308
281,0.82001,7.440170746053982
281,0.8400099999999999,6.856348141305844
281,0.8600099999999999,6.314556994589693
281,0.88001,5.810393503699066
281,0.90001,5.340063158291327
281,0.92001,4.90027682487545
281,0.94001,4.488167768034101
281,0.9600099999999999,4.101224362979926
281,0.9800099999999999,3.7372354991632464
301,0.00001,7.592774544974897
301,0.02001,7.626100024343961
301,0.040010000000000004,7.727160309268653
301,0.06001,7.89949217329512
301,0.08001,8.149379518846455
301,0.10001,8.486522589785828
301,0.12000999999999999,8.925175297555779
301,0.14001000000000002,9.48604531795922
301,0.16001,10.199530709114105
301,0.18001,11.111482939817254
301,0.20001000000000002,12.29415880427109
301,0.22001,13.869024627363768
301,0.24001,16.060829010934548
301,0.26001,19.35439099998114
301,0.28001000000000004,20.
301,0.30001,20.
301,0.32001,20.
301,0.34001000000000003,20.
301,0.36001,20.
301,0.38001,20.
301,0.40001000000000003,20.
301,0.42001,20.
301,0.44001,20.
301,0.46001000000000003,20.
301,0.48001,20.
301,0.50001,20.
301,0.52001,20.
301,0.54001,20.
301,0.56001,18.358613274747917
301,0.5800099999999999,16.549096301472275
301,0.6000099999999999,14.979180106540241
301,0.62001,13.60232537327845
301,0.64001,12.383657761379636
301,0.66001,11.29647285079686
301,0.68001,10.319933906760332
301,0.70001,9.43751825487903
301,0.7200099999999999,8.63593287133428
301,0.74001,7.904349015769094
301,0.76001,7.233844599765664
301,0.78001,6.616992179345779
301,0.80001,6.047553923438044
301,0.82001,5.520247890453188
301,0.8400099999999999,5.030565904197687
301,0.8600099999999999,4.574635520412233
301,0.88001,4.149108952764376
301,0.90001,3.751075179849977
301,0.92001,3.377989346988263
301,0.94001,3.027616817304449
301,0.9600099999999999,2.6979844622366365
301,0.9800099999999999,2.387344111463794
321,0.00001,7.592774546027602
321,0.02001,7.631558927653072
321,0.040010000000000004,7.7494001970734345
321,0.06001,7.9511421959898545
321,0.08001,8.245485544584282
321,0.10001,8.646091489162199
321,0.12000999999999999,9.173522734727634
321,0.14001000000000002,9.858639634344867
321,0.16001,10.748752102015807
321,0.18001,11.9194921742863
321,0.20001000000000002,13.499957511800798
321,0.22001,15.733662178108656
321,0.24001,19.161214023906744
321,0.26001,20.
321,0.28001000000000004,20.
321,0.30001,20.
321,0.32001,20.
321,0.34001000000000003,20.
321,0.36001,20.
321,0.38001,20.
321,0.40001000000000003,20.
321,0.42001,20.
321,0.44001,20.
321,0.46001000000000003,20.
321,0.48001,20.
321,0.50001,20.
321,0.52001,18.21458237415748
321,0.54001,16.292873938442455
321,0.56001,14.641305571349562
321,0.5800099999999999,13.204450365363686
321,0.6000099999999999,11.94150110336009
321,0.62001,10.821673798266483
321,0.64001,9.821254728491459
321,0.66001,8.921647983146817
321,0.68001,8.108038896357941
321,0.70001,7.368461643529785
321,0.7200099999999999,6.693132503874455
321,0.74001,6.073962997479931
321,0.76001,5.504202848672469
321,0.78001,4.978165868945488
321,0.80001,4.491025586714841
321,0.82001,4.0386548696030085
321,0.8400099999999999,3.6175005869063654
321,0.8600099999999999,3.2244869532421845
321,0.88001,2.856933588643647
321,0.90001,2.5124945555566534
321,0.92001,2.189106299992445
321,0.94001,1.8849456175222978
321,0.9600099999999999,1.5983953227677075
321,0.9800099999999999,1.3280142436653133
341,0.00001,7.592774547142785
341,0.02001,7.637347397998578
341,0.040010000000000004,7.773055675928278
341,0.06001,8.006372919869333
341,0.08001,8.349064027987794
341,0.10001,8.819944364345364
341,0.12000999999999999,9.448088911270252
341,0.14001000000000002,10.278739056085557
341,0.16001,11.384760785900001
341,0.18001,12.89090792318244
341,0.20001000000000002,15.032404619671873
341,0.22001,18.328734931650033
341,0.24001,20.
341,0.26001,20.
341,0.28001000000000004,20.
341,0.30001,20.
341,0.32001,20.
341,0.34001000000000003,20.
341,0.36001,20.
341,0.38001,20.
341,0.40001000000000003,20.
341,0.42001,20.
341,0.44001,20.
341,0.46001000000000003,20.
341,0.48001,18.737915659003512
341,0.50001,16.60484645069134
341,0.52001,14.796505247387572
341,0.54001,13.241145647969494
341,0.56001,11.887284183237151
341,0.5800099999999999,10.69691280173741
341,0.6000099999999999,9.641286833016405
341,0.62001,8.698220205497314
341,0.64001,7.850279572272813
341,0.66001,7.083554410543991
341,0.68001,6.38679119490701
341,0.70001,5.7507765764386
341,0.7200099999999999,5.167885161068729
341,0.74001,4.631744548810746
341,0.76001,4.136983316280243
341,0.78001,3.679037176694993
341,0.80001,3.2540017351258927
341,0.82001,2.858512061127453
341,0.8400099999999999,2.4896528209091633
341,0.8600099999999999,2.1448836442579498
341,0.88001,1.8219796128098007
341,0.90001,1.5189832242227481
341,0.92001,1.2341634524157847
341,0.94001,0.9659851489171908
341,0.9600099999999999,0.7130807646661182
341,0.9800099999999999,0.47422736802800824
361,0.00001,7.592774548319636
361,0.02001,7.643461651431151
361,0.040010000000000004,7.798125434545832
361,0.06001,8.065242527997352
361,0.08001,8.460412525255743
361,0.10001,9.009083468413182
361,0.12000999999999999,9.75172536999069
361,0.14001000000000002,10.753896070595813
361,0.16001,12.127324295183406
361,0.18001,14.079668033514324
361,0.20001000000000002,17.056164801425098
361,0.22001,20.
361,0.24001,20.
361,0.26001,20.
361,0.28001000000000004,20.
361,0.30001,20.
361,0.32001,20.
361,0.34001000000000003,20.
361,0.36001,20.
361,0.38001,20.
361,0.40001000000000003,20.
361,0.42001,20.
361,0.44001,19.99683373607073
361,0.46001000000000003,17.515383897373535
361,0.48001,15.451760761831553
361,0.50001,13.704558262236803
361,0.52001,12.203591165878638
361,0.54001,10.898565971257629
361,0.56001,9.752391743422653
361,0.5800099999999999,8.737045207743733
361,0.6000099999999999,7.8309096377289915
361,0.62001,7.017010881070046
361,0.64001,6.281809699325119
361,0.66001,5.614359032023521
361,0.68001,5.005698706058885
361,0.70001,4.448415905467965
361,0.7200099999999999,3.936318145726726
361,0.74001,3.464186608029851
361,0.76001,3.0275898654302282
361,0.78001,2.622735256491053
361,0.80001,2.2463574510786026
361,0.82001,1.8956277103916437
361,0.8400099999999999,1.5680822855633374
361,0.8600099999999999,1.2615631440330888
361,0.88001,0.9741728478450206
361,0.90001,0.7042351456673513
361,0.92001,0.45026251014355195
361,0.94001,0.21093070550337978
361,0.9600099999999999,0.
361,0.9800099999999999,0.
381,0.00001,7.592774549557115
381,0.02001,7.649897741471881
381,0.040010000000000004,7.824608486673614
381,0.06001,8.127815741222207
381,0.08001,8.5798657980749
381,0.10001,9.21466743049236
381,0.12000999999999999,10.087864094299702
381,0.14001000000000002,11.293734904645545
381,0.16001,13.00380112752749
381,0.18001,15.570534882299441
381,0.20001000000000002,19.89489854815682
381,0.22001,20.
381,0.24001,20.
381,0.26001,20.
381,0.28001000000000004,20.
381,0.30001,20.
381,0.32001,20.
381,0.34001000000000003,20.
381,0.36001,20.
381,0.38001,20.
381,0.40001000000000003,20.
381,0.42001,19.156158812804176
381,0.44001,16.68821303482637
381,0.46001000000000003,14.64381935419144
381,0.48001,12.91855960743147
381,0.50001,11.44062475567151
381,0.52001,10.158825993109494
381,0.54001,9.035572991462343
381,0.56001,8.042566110349474
381,0.5800099999999999,7.15804294212088
381,0.6000099999999999,6.364957319013915
381,0.62001,5.649745078394995
381,0.64001,5.001459747020747
381,0.66001,4.411158335991166
381,0.68001,3.8714539564967403
381,0.70001,3.37618447131918
381,0.7200099999999999,2.9201650869790092
381,0.74001,2.4989961353372943
381,0.76001,2.1089187062852486
381,0.78001,1.7466994154248887
381,0.80001,1.4095405386908828
381,0.82001,1.0950063345173262
381,0.8400099999999999,0.8009679008550041
381,0.8600099999999999,0.5255533388705131
381,0.88001,0.2671105642708643
381,0.90001,0.0241756850689983
381,0.92001,0.
381,0.94001,0.
381,0.9600099999999999,0.
381,0.9800099999999999,0.
401,0.00001,7.592774550854248
401,0.02001,7.656651569158583
401,0.040010000000000004,7.85250423305715
401,0.06001,8.194164396895097
401,0.08001,8.707800393483662
401,0.10001,9.438039121843785
401,0.12000999999999999,10.460666910284264
401,0.14001000000000002,11.910722904108736
401,0.16001,14.053370636835833
401,0.18001,17.507196739392498
401,0.20001000000000002,20.
401,0.22001,20.
401,0.24001,20.
401,0.26001,20.
401,0.28001000000000004,20.
401,0.30001,20.
401,0.32001,20.
401,0.34001000000000003,20.
401,0.36001,20.
401,0.38001,20.
401,0.40001000000000003,18.69267179489828
401,0.42001,16.181241564237034
401,0.44001,14.113624159536977
401,0.46001000000000003,12.377586187757817
401,0.48001,10.896767549290624
401,0.50001,9.617201789373922
401,0.52001,8.499544038355324
401,0.54001,7.514348950897899
401,0.56001,6.639087745286074
401,0.5800099999999999,5.8561916786685675
401,0.6000099999999999,5.151734280105203
401,0.62001,4.514513905668855
401,0.64001,3.9354071352188256
401,0.66001,3.406897738373879
401,0.68001,2.9227324517064504
401,0.70001,2.477659032597551
401,0.7200099999999999,2.067231735259046
401,0.74001,1.6876587792807318
401,0.76001,1.3356849069659344
401,0.78001,1.008496605363593
401,0.80001,0.7036510184637957
401,0.82001,0.419013538986144
401,0.8400099999999999,0.1527113589863872
401,0.8600099999999999,0.
401,0.88001,0.
401,0.90001,0.
401,0.92001,0.
401,0.94001,0.
401,0.9600099999999999,0.
401,0.9800099999999999,0.
421,0.00001,7.5927745522099706
421,0.02001,7.6637188932650675
421,0.040010000000000004,7.881812524929946
421,0.06001,8.264368081346785
421,0.08001,8.84463989981063
421,0.10001,9.680760238619285
421,0.12000999999999999,10.875225803306895
421,0.14001000000000002,12.621334539323616
421,0.16001,15.334662471154775
421,0.18001,20.
421,0.20001000000000002,20.
421,0.22001,20.
421,0.24001,20.
421,0.26001,20.
421,0.28001000000000004,20.
421,0.30001,20.
421,0.32001,20.
421,0.34001000000000003,20.
421,0.36001,20.
421,0.38001,18.562344676671504
421,0.40001000000000003,15.951946280636154
421,0.42001,13.820948218391367
421,0.44001,12.04388956723674
421,0.46001000000000003,10.536678600736243
421,0.48001,9.240599251388025
421,0.50001,8.113264322910972
421,0.52001,7.123215658668794
421,0.54001,6.246551271505085
421,0.56001,5.4647458999764025
421,0.5800099999999999,4.763190135334545
421,0.6000099999999999,4.130188600515409
421,0.62001,3.556253834936588
421,0.64001,3.0336004885014844
421,0.66001,2.555769769926494
421,0.68001,2.117355460774816
421,0.70001,1.7137934974786952
421,0.7200099999999999,1.3412016406585738
421,0.74001,0.9962533234824831
421,0.76001,0.676082523731089
421,0.78001,0.3782033582912831
421,0.80001,0.10044936990796578
421,0.82001,0.
421,0.8400099999999999,0.
421,0.8600099999999999,0.
421,0.88001,0.
421,0.90001,0.
421,0.92001,0.
421,0.94001,0.
421,0.9600099999999999,0.
421,0.9800099999999999,0.
441,0.00001,7.592774553623213
441,0.02001,7.671095340643908
441,0.040010000000000004,7.912533728895297
441,0.06001,8.338514822485012
441,0.08001,8.99086108682018
441,0.10001,9.944654096218631
441,0.12000999999999999,11.337836833205893
441,0.14001000000000002,13.447871052191998
441,0.16001,16.940702635721447
441,0.18001,20.
441,0.20001000000000002,20.
441,0.22001,20.
441,0.24001,20.
441,0.26001,20.
441,0.28001000000000004,20.
441,0.30001,20.
441,0.32001,20.
441,0.34001000000000003,20.
441,0.36001,18.75030407924383
441,0.38001,15.980569012770843
441,0.40001000000000003,13.744138657840622
441,0.42001,11.895362349273322
441,0.44001,10.338508956730657
441,0.46001000000000003,9.007773342960904
441,0.48001,7.856254629711205
441,0.50001,6.849512213534801
441,0.52001,5.961612594270999
441,0.54001,5.172610339035118
441,0.56001,4.466879903411591
441,0.5800099999999999,3.8319864277371916
441,0.6000099999999999,3.257894301291391
441,0.62001,2.7364056471780343
441,0.64001,2.2607485680610067
441,0.66001,1.8252756894314253
441,0.68001,1.4252362192252774
441,0.70001,1.0566003420123387
441,0.7200099999999999,0.7159279514665636
441,0.74001,0.40026049814318676
441,0.76001,0.10703988511303779
441,0.78001,0.
441,0.80001,0.
441,0.82001,0.
441,0.8400099999999999,0.
441,0.8600099999999999,0.
441,0.88001,0.
441,0.90001,0.
441,0.92001,0.
441,0.94001,0.
441,0.9600099999999999,0.
441,0.9800099999999999,0.
461,0.00001,7.592774555092892
461,0.02001,7.678776416645498
461,0.040010000000000004,7.944668793097702
461,0.06001,8.416701831030059
461,0.08001,9.147001026505595
461,0.10001,10.23185963262287
461,0.12000999999999999,11.856381950100992
461,0.14001000000000002,14.421437859198363
461,0.16001,19.031735504945445
461,0.18001,20.
461,0.20001000000000002,20.
461,0.22001,20.
461,0.24001,20.
461,0.26001,20.
461,0.28001000000000004,20.
461,0.30001,20.
461,0.32001,20.
461,0.34001000000000003,19.267029807023288
461,0.36001,16.265827039166428
461,0.38001,13.875911959314372
461,0.40001000000000003,11.921605475142659
461,0.42001,10.290277374985235
461,0.44001,8.90601153638036
461,0.46001000000000003,7.715555417734441
461,0.48001,6.680313830522272
461,0.50001,5.771544644520697
461,0.52001,4.9673485581334615
461,0.54001,4.250709115987732
461,0.56001,3.6081787296914674
461,0.5800099999999999,3.0289742446773533
461,0.6000099999999999,2.5043329490302426
461,0.62001,2.0270542765309627
461,0.64001,1.5911601113664409
461,0.66001,1.1916406469196468
461,0.68001,0.8242646410445643
461,0.70001,0.4854303116541608
461,0.7200099999999999,0.17205108876251154
461,0.74001,0.
461,0.76001,0.
461,0.78001,0.
461,0.80001,0.
461,0.82001,0.
461,0.8400099999999999,0.
461,0.8600099999999999,0.
461,0.88001,0.
461,0.90001,0.
461,0.92001,0.
461,0.94001,0.
461,0.9600099999999999,0.
461,0.9800099999999999,0.
481,0.00001,7.592774556617817
481,0.02001,7.686757515521079
481,0.040010000000000004,7.978219314614811
481,0.06001,8.499036338214813
481,0.08001,9.313665484385098
481,0.10001,10.544900224802268
481,0.12000999999999999,12.440874298475274
481,0.14001000000000002,15.58708819413264
481,0.16001,20.
481,0.18001,20.
481,0.20001000000000002,20.
481,0.22001,20.
481,0.24001,20.
481,0.26001,20.
481,0.28001000000000004,20.
481,0.30001,20.
481,0.32001,20.
481,0.34001000000000003,16.82435496449767
481,0.36001,14.221886138316298
481,0.38001,12.122142357803583
481,0.40001000000000003,10.388014980906407
481,0.42001,8.92931166605876
481,0.44001,7.683984841581812
481,0.46001000000000003,6.607776652522529
481,0.48001,5.6681630271835095
481,0.50001,4.840640023795613
481,0.52001,4.106350438664264
481,0.54001,3.450516386044919
481,0.56001,2.861374270420929
481,0.5800099999999999,2.3294270737783687
481,0.6000099999999999,1.8469157407489132
481,0.62001,1.4074323760288385
481,0.64001,1.005632110457752
481,0.66001,0.6370206349539712
481,0.68001,0.2977867487344942
481,0.70001,0.
481,0.7200099999999999,0.
481,0.74001,0.
481,0.76001,0.
481,0.78001,0.
481,0.80001,0.
481,0.82001,0.
481,0.8400099999999999,0.
481,0.8600099999999999,0.
481,0.88001,0.
481,0.90001,0.
481,0.92001,0.
481,0.94001,0.
481,0.9600099999999999,0.
481,0.9800099999999999,0.
501,0.00001,7.592774558196849
501,0.02001,7.695033930604535
501,0.040010000000000004,8.013187608035583
501,0.06001,8.585636535989767
501,0.08001,9.491538932629624
501,0.10001,10.886771796293349
501,0.12000999999999999,13.104255916623101
501,0.14001000000000002,17.013359163735696
501,0.16001,20.
501,0.18001,20.
501,0.20001000000000002,20.
501,0.22001,20.
501,0.24001,20.
501,0.26001,20.
501,0.28001000000000004,20.
501,0.30001,20.
501,0.32001,17.693580385923934
501,0.34001000000000003,14.80130074223042
501,0.36001,12.506185951339182
501,0.38001,10.635104730047752
501,0.40001000000000003,9.07753323829762
501,0.42001,7.759218532552601
501,0.44001,6.6282039474820165
501,0.46001000000000003,5.646907459197069
501,0.48001,4.7873887901296
501,0.50001,4.02838861705584
501,0.52001,3.3534089932135824
501,0.54001,2.749428082278717
501,0.56001,2.2060123246910632
501,0.5800099999999999,1.7146941425380757
501,0.6000099999999999,1.2685220745044044
501,0.62001,0.8617295560892563
501,0.64001,0.4894908207010631
501,0.66001,0.1477325266601648
501,0.68001,0.
501,0.70001,0.
501,0.7200099999999999,0.
501,0.74001,0.
501,0.76001,0.
501,0.78001,0.
501,0.80001,0.
501,0.82001,0.
501,0.8400099999999999,0.
501,0.8600099999999999,0.
501,0.88001,0.
501,0.90001,0.
501,0.92001,0.
501,0.94001,0.
501,0.9600099999999999,0.
501,0.9800099999999999,0.
521,0.00001,7.5927745598287855
521,0.02001,7.703600865216681
521,0.040010000000000004,8.049576775229529
521,0.06001,8.676632583295216
521,0.08001,9.681396336080624
521,0.10001,11.261058096285659
521,0.12000999999999999,13.863605761022248
521,0.14001000000000002,18.81169829410422
521,0.16001,20.
521,0.18001,20.
521,0.20001000000000002,20.
521,0.22001,20.
521,0.24001,20.
521,0.26001,20.
521,0.28001000000000004,20.
521,0.30001,18.93912971733022
521,0.32001,15.650112823725307
521,0.34001000000000003,13.093861753607573
521,0.36001,11.042614137355947
521,0.38001,9.35629026248577
521,0.40001000000000003,7.943458684985748
521,0.42001,6.741602576855405
521,0.44001,5.706344663547661
521,0.46001000000000003,4.805206191910517
521,0.48001,4.013799611090825
521,0.50001,3.313412930214443
521,0.52001,2.689421149185643
521,0.54001,2.130206860309049
521,0.56001,1.6264136394564235
521,0.5800099999999999,1.1704109214675094
521,0.6000099999999999,0.755909635929899
521,0.62001,0.3776739147973655
521,0.64001,0.031307267471622595
521,0.66001,0.
521,0.68001,0.
521,0.70001,0.
521,0.7200099999999999,0.
521,0.74001,0.
521,0.76001,0.
521,0.78001,0.
521,0.80001,0.
521,0.82001,0.
521,0.8400099999999999,0.
521,0.8600099999999999,0.
521,0.88001,0.
521,0.90001,0.
521,0.92001,0.
521,0.94001,0.
521,0.9600099999999999,0.
521,0.9800099999999999,0.
541,0.00001,7.592774561512391
541,0.02001,7.712453442768454
541,0.040010000000000004,8.087390776349324
541,0.06001,8.772167736288877
541,0.08001,9.88411716628679
541,0.10001,11.672082560990527
541,0.12000999999999999,14.74203636422718
541,0.14001000000000002,20.
541,0.16001,20.
541,0.18001,20.
541,0.20001000000000002,20.
541,0.22001,20.
541,0.24001,20.
541,0.26001,20.
541,0.28001000000000004,20.
541,0.30001,16.827559144281437
541,0.32001,13.919227255682445
541,0.34001000000000003,11.630695248532833
541,0.36001,9.777547359439419
541,0.38001,8.243610122030866
541,0.40001000000000003,6.951630470121899
541,0.42001,5.84798978134914
541,0.44001,4.894162652299835
541,0.46001000000000003,4.061665025701915
541,0.48001,3.328927017110362
541,0.50001,2.6792794207418718
541,0.52001,2.0996107306826413
541,0.54001,1.5794520750333887
541,0.56001,1.110331067680017
541,0.5800099999999999,0.6853126157147813
541,0.6000099999999999,0.29865830938937377
541,0.62001,0.
541,0.64001,0.
541,0.66001,0.
541,0.68001,0.
541,0.70001,0.
541,0.7200099999999999,0.
541,0.74001,0.
541,0.76001,0.
541,0.78001,0.
541,0.80001,0.
541,0.82001,0.
541,0.8400099999999999,0.
541,0.8600099999999999,0.
541,0.88001,0.
541,0.90001,0.
541,0.92001,0.
541,0.94001,0.
541,0.9600099999999999,0.
541,0.9800099999999999,0.
561,0.00001,7.592774563246429
561,0.02001,7.721586716877082
561,0.040010000000000004,8.126634502147573
561,0.06001,8.872399607707795
561,0.08001,10.100702363849962
561,0.10001,12.12511334057884
561,0.12000999999999999,15.77181232892352
561,0.14001000000000002,20.
561,0.16001,20.
561,0.18001,20.
561,0.20001000000000002,20.
561,0.22001,20.
561,0.24001,20.
561,0.26001,20.
561,0.28001000000000004,18.428730700073775
561,0.30001,15.036060194177168
561,0.32001,12.431422689048697
561,0.34001000000000003,10.361051614734006
561,0.36001,8.671989784788598
561,0.38001,7.2659178627458365
561,0.40001000000000003,6.076407491842227
561,0.42001,5.056760996405164
561,0.44001,4.173070134650873
561,0.46001000000000003,3.400045796042278
561,0.48001,2.718396868387851
561,0.50001,2.113118929491259
561,0.52001,1.5723486220510587
561,0.54001,1.0865678733241368
561,0.56001,0.6480452486758712
561,0.5800099999999999,0.2504275819689456
561,0.6000099999999999,0.
561,0.62001,0.
561,0.64001,0.
561,0.66001,0.
561,0.68001,0.
561,0.70001,0.
561,0.7200099999999999,0.
561,0.74001,0.
561,0.76001,0.
561,0.78001,0.
561,0.80001,0.
561,0.82001,0.
561,0.8400099999999999,0.
561,0.8600099999999999,0.
561,0.88001,0.
561,0.90001,0.
561,0.92001,0.
561,0.94001,0.
561,0.9600099999999999,0.
561,0.9800099999999999,0.
581,0.00001,7.592774565029633
581,0.02001,7.730995681343686
581,0.040010000000000004,8.16731384773215
581,0.06001,8.977501575236202
581,0.08001,10.332294932536286
581,0.10001,12.626641368573464
581,0.12000999999999999,16.999782150176422
581,0.14001000000000002,20.
581,0.16001,20.
581,0.18001,20.
581,0.20001000000000002,20.
581,0.22001,20.
581,0.24001,20.
581,0.26001,20.
581,0.28001000000000004,16.528539243873773
581,0.30001,13.493917418496709
581,0.32001,11.136958275610462
581,0.34001000000000003,9.247727597171435
581,0.36001,7.69681961799823
581,0.38001,6.399606377155804
581,0.40001000000000003,5.298122614545695
581,0.42001,4.351165996926534
581,0.44001,3.5285457885400295
581,0.46001000000000003,2.807574521754512
581,0.48001,2.1708311297894713
581,0.50001,1.6046939989075852
581,0.52001,1.0983406373447242
581,0.54001,0.6430554415377595
581,0.56001,0.231731588577978
581,0.5800099999999999,0.
581,0.6000099999999999,0.
581,0.62001,0.
581,0.64001,0.
581,0.66001,0.
581,0.68001,0.
581,0.70001,0.
581,0.7200099999999999,0.
581,0.74001,0.
581,0.76001,0.
581,0.78001,0.
581,0.80001,0.
581,0.82001,0.
581,0.8400099999999999,0.
581,0.8600099999999999,0.
581,0.88001,0.
581,0.90001,0.
581,0.92001,0.
581,0.94001,0.
581,0.9600099999999999,0.
581,0.9800099999999999,0.
601,0.00001,7.592774566860718
601,0.02001,7.740675279945541
601,0.040010000000000004,8.209435787923928
601,0.06001,9.087664340494573
601,0.08001,10.580204853828594
601,0.10001,13.184771453275156
601,0.12000999999999999,18.497569187137294
601,0.14001000000000002,20.
601,0.16001,20.
601,0.18001,20.
601,0.20001000000000002,20.
601,0.22001,20.
601,0.24001,20.
601,0.26001,18.531572536562273
601,0.28001000000000004,14.893544421929048
601,0.30001,12.15039794074697
601,0.32001,9.999185363219029
601,0.34001000000000003,8.262755400446084
601,0.36001,6.829795575308743
601,0.38001,5.626416009198543
601,0.40001000000000003,4.601403242825203
601,0.42001,3.7180009036010473
601,0.44001,2.9490609772319067
601,0.46001000000000003,2.2740446683253284
601,0.48001,1.6770927827920634
601,0.50001,1.1457450601491954
601,0.52001,0.670061550235251
601,0.54001,0.2420079394785143
601,0.56001,0.
601,0.5800099999999999,0.
601,0.6000099999999999,0.
601,0.62001,0.
601,0.64001,0.
601,0.66001,0.
601,0.68001,0.
601,0.70001,0.
601,0.7200099999999999,0.
601,0.74001,0.
601,0.76001,0.
601,0.78001,0.
601,0.80001,0.
601,0.82001,0.
601,0.8400099999999999,0.
601,0.8600099999999999,0.
601,0.88001,0.
601,0.90001,0.
601,0.92001,0.
601,0.94001,0.
601,0.9600099999999999,0.
601,0.9800099999999999,0.
621,0.00001,7.592774568738368
621,0.02001,7.750620415998532
621,0.040010000000000004,8.253008454423973
621,0.06001,9.203097683589167
621,0.08001,10.845939825737872
621,0.10001,13.809778760447506
621,0.12000999999999999,20.
621,0.14001000000000002,20.
621,0.16001,20.
621,0.18001,20.
621,0.20001000000000002,20.
621,0.22001,20.
621,0.24001,20.
621,0.26001,16.749048419973043
621,0.28001000000000004,13.469495302107203
621,0.30001,10.968053935751783
621,0.32001,8.990438101679839
621,0.34001000000000003,7.384654676345982
621,0.36001,6.053599293628019
621,0.38001,4.931971853257987
621,0.40001000000000003,3.9740387376804427
621,0.42001,3.1466978759636093
621,0.44001,2.4253284362114926
621,0.46001000000000003,1.7911921777629618
621,0.48001,1.2297498239871099
621,0.50001,0.7295286035756431
621,0.52001,0.28134429340625655
621,0.54001,0.
621,0.56001,0.
621,0.5800099999999999,0.
621,0.6000099999999999,0.
621,0.62001,0.
621,0.64001,0.
621,0.66001,0.
621,0.68001,0.
621,0.70001,0.
621,0.7200099999999999,0.
621,0.74001,0.
621,0.76001,0.
621,0.78001,0.
621,0.80001,0.
621,0.82001,0.
621,0.8400099999999999,0.
621,0.8600099999999999,0.
621,0.88001,0.
621,0.90001,0.
621,0.92001,0.
621,0.94001,0.
621,0.9600099999999999,0.
621,0.9800099999999999,0.
641,0.00001,7.592774570661243
641,0.02001,7.760825961667678
641,0.040010000000000004,8.298041215042874
641,0.06001,9.324032512747376
641,0.08001,11.131243476244066
641,0.10001,14.51492817681193
641,0.12000999999999999,20.
641,0.14001000000000002,20.
641,0.16001,20.
641,0.18001,20.
641,0.20001000000000002,20.
641,0.22001,20.
641,0.24001,19.25670028203903
641,0.26001,15.200050433034345
641,0.28001000000000004,12.216420799272047
641,0.30001,9.918571605121128
641,0.32001,8.089391212585962
641,0.34001000000000003,6.596618630284303
641,0.36001,5.354520402601456
641,0.38001,4.304783084469041
641,0.40001000000000003,3.406190440871405
641,0.42001,2.628686673048495
641,0.44001,1.9497748107582664
641,0.46001000000000003,1.3522460505056888
641,0.48001,0.8226873219591657
641,0.50001,0.3504768733815349
641,0.52001,0.
641,0.54001,0.
641,0.56001,0.
641,0.5800099999999999,0.
641,0.6000099999999999,0.
641,0.62001,0.
641,0.64001,0.
641,0.66001,0.
641,0.68001,0.
641,0.70001,0.
641,0.7200099999999999,0.
641,0.74001,0.
641,0.76001,0.
641,0.78001,0.
641,0.80001,0.
641,0.82001,0.
641,0.8400099999999999,0.
641,0.8600099999999999,0.
641,0.88001,0.
641,0.90001,0.
641,0.92001,0.
641,0.94001,0.
641,0.9600099999999999,0.
641,0.9800099999999999,0.
661,0.00001,7.592774572628131
661,0.02001,7.77128676700157
661,0.040010000000000004,8.34454475516525
661,0.06001,9.450723116459812
661,0.08001,11.438142831543004
661,0.10001,15.317717379213628
661,0.12000999999999999,20.
661,0.14001000000000002,20.
661,0.16001,20.
661,0.18001,20.
661,0.20001000000000002,20.
661,0.22001,20.
661,0.24001,17.51423880809866
661,0.26001,13.839521404348323
661,0.28001000000000004,11.104144721455244
661,0.30001,8.980099353955202
661,0.32001,7.279309431848736
661,0.34001000000000003,5.885283654037051
661,0.36001,4.7215427496867255
661,0.38001,3.73553963923242
661,0.40001000000000003,2.8898322309781213
661,0.42001,2.1569330326318004
661,0.44001,1.5161548128476825
661,0.46001000000000003,0.9515981867654569
661,0.48001,0.45082459222547916
661,0.50001,0.0039492625847752
661,0.52001,0.
661,0.54001,0.
661,0.56001,0.
661,0.5800099999999999,0.
661,0.6000099999999999,0.
661,0.62001,0.
661,0.64001,0.
661,0.66001,0.
661,0.68001,0.
661,0.70001,0.
661,0.7200099999999999,0.
661,0.74001,0.
661,0.76001,0.
661,0.78001,0.
661,0.80001,0.
661,0.82001,0.
661,0.8400099999999999,0.
661,0.8600099999999999,0.
661,0.88001,0.
661,0.90001,0.
661,0.92001,0.
661,0.94001,0.
661,0.9600099999999999,0.
661,0.9800099999999999,0.
681,0.00001,7.592774574637548
681,0.02001,7.781997668670697
681,0.040010000000000004,8.392531153916273
681,0.06001,9.583449749116737
681,0.08001,11.769008983461836
681,0.10001,16.24183966150899
681,0.12000999999999999,20.
681,0.14001000000000002,20.
681,0.16001,20.
681,0.18001,20.
681,0.20001000000000002,20.
681,0.22001,20.
681,0.24001,15.990255301162481
681,0.26001,12.633632894662837
681,0.28001000000000004,10.109410936253479
681,0.30001,8.135469938007686
681,0.32001,6.546850794605119
681,0.34001000000000003,5.23987502463242
681,0.36001,4.145701927207867
681,0.38001,3.2166079750858296
681,0.40001000000000003,2.418341126541004
681,0.42001,1.7256043097817435
681,0.44001,1.1192659701020886
681,0.46001000000000003,0.5845620047878234
681,0.48001,0.10990063049160086
681,0.50001,0.
681,0.52001,0.
681,0.54001,0.
681,0.56001,0.
681,0.5800099999999999,0.
681,0.6000099999999999,0.
681,0.62001,0.
681,0.64001,0.
681,0.66001,0.
681,0.68001,0.
681,0.70001,0.
681,0.7200099999999999,0.
681,0.74001,0.
681,0.76001,0.
681,0.78001,0.
681,0.80001,0.
681,0.82001,0.
681,0.8400099999999999,0.
681,0.8600099999999999,0.
681,0.88001,0.
681,0.90001,0.
681,0.92001,0.
681,0.94001,0.
681,0.9600099999999999,0.
681,0.9800099999999999,0.
701,0.00001,7.59277457668829
701,0.02001,7.792953498392294
701,0.040010000000000004,8.442013978789225
701,0.06001,9.7225215772608
701,0.08001,12.126634145683205
701,0.10001,17.320436227978373
701,0.12000999999999999,20.
701,0.14001000000000002,20.
701,0.16001,20.
701,0.18001,20.
701,0.20001000000000002,20.
701,0.22001,18.930620004346565
701,0.24001,14.644232115830297
701,0.26001,11.556439339670845
701,0.28001000000000004,9.213972778775384
701,0.30001,7.370986026280587
701,0.32001,5.881232052657542
701,0.34001000000000003,4.6515941560033784
701,0.36001,3.6196183484403104
701,0.38001,2.7416631593259644
701,0.40001000000000003,1.9861991742925953
701,0.42001,1.3298183469129985
701,0.44001,0.7547379768064704
701,0.46001000000000003,0.24718544138280077
701,0.48001,0.
701,0.50001,0.
701,0.52001,0.
701,0.54001,0.
701,0.56001,0.
701,0.5800099999999999,0.
701,0.6000099999999999,0.
701,0.62001,0.
701,0.64001,0.
701,0.66001,0.
701,0.68001,0.
701,0.70001,0.
701,0.7200099999999999,0.
701,0.74001,0.
701,0.76001,0.
701,0.78001,0.
701,0.80001,0.
701,0.82001,0.
701,0.8400099999999999,0.
701,0.8600099999999999,0.
701,0.88001,0.
701,0.90001,0.
701,0.92001,0.
701,0.94001,0.
701,0.9600099999999999,0.
701,0.9800099999999999,0.
721,0.00001,7.5927745787789505
721,0.02001,7.804149091027308
721,0.040010000000000004,8.493008379511211
721,0.06001,9.86828000559701
721,0.08001,12.514330758257659
721,0.10001,18.601823319927924
721,0.12000999999999999,20.
721,0.14001000000000002,20.
721,0.16001,20.
721,0.18001,20.
721,0.20001000000000002,20.
721,0.22001,17.36759789727599
721,0.24001,13.44538368002788
721,0.26001,10.587668526138616
721,0.28001000000000004,8.403287770638922
721,0.30001,6.675568314374485
721,0.32001,5.273631285759243
721,0.34001000000000003,4.113177705362787
721,0.36001,3.1371564650556545
721,0.38001,2.3054128098086597
721,0.40001000000000003,1.588767620943478
721,0.42001,0.9654527995031326
721,0.44001,0.41886795284354955
721,0.46001000000000003,0.
721,0.48001,0.
721,0.50001,0.
721,0.52001,0.
721,0.54001,0.
721,0.56001,0.
721,0.5800099999999999,0.
721,0.6000099999999999,0.
721,0.62001,0.
721,0.64001,0.
721,0.66001,0.
721,0.68001,0.
721,0.70001,0.
721,0.7200099999999999,0.
721,0.74001,0.
721,0.76001,0.
721,0.78001,0.
721,0.80001,0.
721,0.82001,0.
721,0.8400099999999999,0.
721,0.8600099999999999,0.
721,0.88001,0.
721,0.90001,0.
721,0.92001,0.
721,0.94001,0.
721,0.9600099999999999,0.
721,0.9800099999999999,0.
741,0.00001,7.592774580908171
741,0.02001,7.8155792923366425
741,0.040010000000000004,8.5455311788628
741,0.06001,10.021102626722907
741,0.08001,12.93606347214186
741,0.10001,20.
741,0.12000999999999999,20.
741,0.14001000000000002,20.
741,0.16001,20.
741,0.18001,20.
741,0.20001000000000002,20.
741,0.22001,15.983242668185946
741,0.24001,12.369854706283121
741,0.26001,9.711223735985367
741,0.28001000000000004,7.665606134998952
741,0.30001,6.040145006887054
741,0.32001,4.716750935482382
741,0.34001000000000003,3.6185688866339056
741,0.36001,2.6931652058549904
741,0.38001,1.9033917177497401
741,0.40001000000000003,1.2221142499399706
741,0.42001,0.6290025088513491
741,0.44001,0.10849665010094489
741,0.46001000000000003,0.
741,0.48001,0.
741,0.50001,0.
741,0.52001,0.
741,0.54001,0.
741,0.56001,0.
741,0.5800099999999999,0.
741,0.6000099999999999,0.
741,0.62001,0.
741,0.64001,0.
741,0.66001,0.
741,0.68001,0.
741,0.70001,0.
741,0.7200099999999999,0.
741,0.74001,0.
741,0.76001,0.
741,0.78001,0.
741,0.80001,0.
741,0.82001,0.
741,0.8400099999999999,0.
741,0.8600099999999999,0.
741,0.88001,0.
741,0.90001,0.
741,0.92001,0.
741,0.94001,0.
741,0.9600099999999999,0.
741,0.9800099999999999,0.
761,0.00001,7.592774583074662
761,0.02001,7.827238966388167
761,0.040010000000000004,8.599600971692619
761,0.06001,10.181407710421976
761,0.08001,13.396622732506872
761,0.10001,20.
761,0.12000999999999999,20.
761,0.14001000000000002,20.
761,0.16001,20.
761,0.18001,20.
761,0.20001000000000002,19.544917660482724
761,0.22001,14.747180267275251
761,0.24001,11.39883887421933
761,0.26001,8.914143323638967
761,0.28001000000000004,6.991316919882571
761,0.30001,5.457209921372772
761,0.32001,4.204496602108203
761,0.34001000000000003,3.162673569835284
761,0.36001,2.283285896731123
761,0.38001,1.5318034107906435
761,0.40001000000000003,0.8828830626691118
761,0.42001,0.3174642348463199
761,0.44001,0.
761,0.46001000000000003,0.
761,0.48001,0.
761,0.50001,0.
761,0.52001,0.
761,0.54001,0.
761,0.56001,0.
761,0.5800099999999999,0.
761,0.6000099999999999,0.
761,0.62001,0.
761,0.64001,0.
761,0.66001,0.
761,0.68001,0.
761,0.70001,0.
761,0.7200099999999999,0.
761,0.74001,0.
761,0.76001,0.
761,0.78001,0.
761,0.80001,0.
761,0.82001,0.
761,0.8400099999999999,0.
761,0.8600099999999999,0.
761,0.88001,0.
761,0.90001,0.
761,0.92001,0.
761,0.94001,0.
761,0.9600099999999999,0.
761,0.9800099999999999,0.
781,0.00001,7.592774585276995
781,0.02001,7.8391230026062875
781,0.040010000000000004,8.655238229031989
781,0.06001,10.349659423251046
781,0.08001,13.901862298755189
781,0.10001,20.
781,0.12000999999999999,20.
781,0.14001000000000002,20.
781,0.16001,20.
781,0.18001,20.
781,0.20001000000000002,18.05249363256856
781,0.22001,13.635759832230022
781,0.24001,10.51728890619159
781,0.26001,8.185856587334207
781,0.28001000000000004,6.3724727800265955
781,0.30001,4.9204889829319205
781,0.32001,3.7317332624653945
781,0.34001000000000003,2.7411697444496204
781,0.36001,1.9038022929537852
781,0.38001,1.187395762977796
781,0.40001000000000003,0.5681896032935505
781,0.42001,0.028249693149333878
781,0.44001,0.
781,0.46001000000000003,0.
781,0.48001,0.
781,0.50001,0.
781,0.52001,0.
781,0.54001,0.
781,0.56001,0.
781,0.5800099999999999,0.
781,0.6000099999999999,0.
781,0.62001,0.
781,0.64001,0.
781,0.66001,0.
781,0.68001,0.
781,0.70001,0.
781,0.7200099999999999,0.
781,0.74001,0.
781,0.76001,0.
781,0.78001,0.
781,0.80001,0.
781,0.82001,0.
781,0.8400099999999999,0.
781,0.8600099999999999,0.
781,0.88001,0.
781,0.90001,0.
781,0.92001,0.
781,0.94001,0.
781,0.9600099999999999,0.
781,0.9800099999999999,0.
801,0.00001,7.59277458751389
801,0.02001,7.851226322460845
801,0.040010000000000004,8.712465407977128
801,0.06001,10.526373850344884
801,0.08001,14.459025855287315
801,0.10001,20.
801,0.12000999999999999,20.
801,0.14001000000000002,20.
801,0.16001,20.
801,0.18001,20.
801,0.20001000000000002,16.720323959266903
801,0.22001,12.630263274415162
801,0.24001,9.713003543289798
801,0.26001,7.517646655741343
801,0.28001000000000004,5.802437873126766
801,0.30001,4.424693807296778
801,0.32001,3.2940996070247017
801,0.34001000000000003,2.3503653332711814
801,0.36001,1.5515244593807496
801,0.38001,0.8673671207467096
801,0.40001000000000003,0.2755395823152287
801,0.42001,0.
801,0.44001,0.
801,0.46001000000000003,0.
801,0.48001,0.
801,0.50001,0.
801,0.52001,0.
801,0.54001,0.
801,0.56001,0.
801,0.5800099999999999,0.
801,0.6000099999999999,0.
801,0.62001,0.
801,0.64001,0.
801,0.66001,0.
801,0.68001,0.
801,0.70001,0.
801,0.7200099999999999,0.
801,0.74001,0.
801,0.76001,0.
801,0.78001,0.
801,0.80001,0.
801,0.82001,0.
801,0.8400099999999999,0.
801,0.8600099999999999,0.
801,0.88001,0.
801,0.90001,0.
801,0.92001,0.
801,0.94001,0.
801,0.9600099999999999,0.
801,0.9800099999999999,0.
821,0.00001,7.59277458978399
821,0.02001,7.86354388579078
821,0.040010000000000004,8.771307068079453
821,0.06001,10.712126154669937
821,0.08001,15.07721090202425
821,0.10001,20.
821,0.12000999999999999,20.
821,0.14001000000000002,20.
821,0.16001,20.
821,0.18001,20.
821,0.20001000000000002,15.522692105738082
821,0.22001,11.715659091458102
821,0.24001,8.975973977838077
821,0.26001,6.902252845120494
821,0.28001000000000004,5.275622198743427
821,0.30001,3.9653308912909897
821,0.32001,2.8878654424854386
821,0.34001000000000003,1.9870848668500285
821,0.36001,1.2236957595349187
821,0.38001,0.5692881460042803
821,0.40001000000000003,0.0027646928388672825
821,0.42001,0.
821,0.44001,0.
821,0.46001000000000003,0.
821,0.48001,0.
821,0.50001,0.
821,0.52001,0.
821,0.54001,0.
821,0.56001,0.
821,0.5800099999999999,0.
821,0.6000099999999999,0.
821,0.62001,0.
821,0.64001,0.
821,0.66001,0.
821,0.68001,0.
821,0.70001,0.
821,0.7200099999999999,0.
821,0.74001,0.
821,0.76001,0.
821,0.78001,0.
821,0.80001,0.
821,0.82001,0.
821,0.8400099999999999,0.
821,0.8600099999999999,0.
821,0.88001,0.
821,0.90001,0.
821,0.92001,0.
821,0.94001,0.
821,0.9600099999999999,0.
821,0.9800099999999999,0.
841,0.00001,7.5927745920859655
841,0.02001,7.876070696763415
841,0.040010000000000004,8.831789995060953
841,0.06001,10.907558993113325
841,0.08001,15.76804162430252
841,0.10001,20.
841,0.12000999999999999,20.
841,0.14001000000000002,20.
841,0.16001,20.
841,0.18001,19.713379995262258
841,0.20001000000000002,14.439272226529894
841,0.22001,10.879722300221621
841,0.24001,8.29790103339312
841,0.26001,6.333571781959927
841,0.28001000000000004,4.787278674883835
841,0.30001,3.538554079231951
841,0.32001,2.509817606970603
841,0.34001000000000003,1.6485807322466293
841,0.36001,0.917922235714972
841,0.38001,0.29104124440969076
841,0.40001000000000003,0.
841,0.42001,0.
841,0.44001,0.
841,0.46001000000000003,0.
841,0.48001,0.
841,0.50001,0.
841,0.52001,0.
841,0.54001,0.
841,0.56001,0.
841,0.5800099999999999,0.
841,0.6000099999999999,0.
841,0.62001,0.
841,0.64001,0.
841,0.66001,0.
841,0.68001,0.
841,0.70001,0.
841,0.7200099999999999,0.
841,0.74001,0.
841,0.76001,0.
841,0.78001,0.
841,0.80001,0.
841,0.82001,0.
841,0.8400099999999999,0.
841,0.8600099999999999,0.
841,0.88001,0.
841,0.90001,0.
841,0.92001,0.
841,0.94001,0.
841,0.9600099999999999,0.
841,0.9800099999999999,0.
861,0.00001,7.5927745944184775
861,0.02001,7.8888018094704675
861,0.040010000000000004,8.893943332764712
861,0.06001,11.113392408731304
861,0.08001,16.546678210300655
861,0.10001,20.
861,0.12000999999999999,20.
861,0.14001000000000002,20.
861,0.16001,20.
861,0.18001,18.348724613882425
861,0.20001000000000002,13.453766106379446
861,0.22001,10.112395332985658
861,0.24001,7.671839244438256
861,0.26001,5.806431745237965
861,0.28001000000000004,4.333347135311608
861,0.30001,3.1410513788313614
861,0.32001,2.157172797897691
861,0.34001000000000003,1.3324609673387084
861,0.36001,0.6321127543591142
861,0.38001,0.03077181080366052
861,0.40001000000000003,0.
861,0.42001,0.
861,0.44001,0.
861,0.46001000000000003,0.
861,0.48001,0.
861,0.50001,0.
861,0.52001,0.
861,0.54001,0.
861,0.56001,0.
861,0.5800099999999999,0.
861,0.6000099999999999,0.
861,0.62001,0.
861,0.64001,0.
861,0.66001,0.
861,0.68001,0.
861,0.70001,0.
861,0.7200099999999999,0.
861,0.74001,0.
861,0.76001,0.
861,0.78001,0.
861,0.80001,0.
861,0.82001,0.
861,0.8400099999999999,0.
861,0.8600099999999999,0.
861,0.88001,0.
861,0.90001,0.
861,0.92001,0.
861,0.94001,0.
861,0.9600099999999999,0.
861,0.9800099999999999,0.
881,0.00001,7.592774596780318
881,0.02001,7.901732333162428
881,0.040010000000000004,8.957798724344107
881,0.06001,11.330435558781149
881,0.08001,17.433387722173634
881,0.10001,20.
881,0.12000999999999999,20.
881,0.14001000000000002,20.
881,0.16001,20.
881,0.18001,17.117988384973778
881,0.20001000000000002,12.552934715520104
881,0.22001,9.405320357064028
881,0.24001,7.091924980347382
881,0.26001,5.316416998751888
881,0.28001000000000004,3.9103315273021653
881,0.30001,2.7699506374691767
881,0.32001,1.8275062528427646
881,0.34001000000000003,1.036633842401758
881,0.36001,0.3644318372459913
881,0.38001,0.
881,0.40001000000000003,0.
881,0.42001,0.
881,0.44001,0.
881,0.46001000000000003,0.
881,0.48001,0.
881,0.50001,0.
881,0.52001,0.
881,0.54001,0.
881,0.56001,0.
881,0.5800099999999999,0.
881,0.6000099999999999,0.
881,0.62001,0.
881,0.64001,0.
881,0.66001,0.
881,0.68001,0.
881,0.70001,0.
881,0.7200099999999999,0.
881,0.74001,0.
881,0.76001,0.
881,0.78001,0.
881,0.80001,0.
881,0.82001,0.
881,0.8400099999999999,0.
881,0.8600099999999999,0.
881,0.88001,0.
881,0.90001,0.
881,0.92001,0.
881,0.94001,0.
881,0.9600099999999999,0.
881,0.9800099999999999,0.
901,0.00001,7.59277459917008
901,0.02001,7.914857437127488
901,0.040010000000000004,9.023390461809578
901,0.06001,11.559601023408929
901,0.08001,18.456103943479913
901,0.10001,20.
901,0.12000999999999999,20.
901,0.14001000000000002,20.
901,0.16001,20.
901,0.18001,16.001422880407613
901,0.20001000000000002,11.725899233203982
901,0.22001,8.751486307284592
901,0.24001,6.553169336080442
901,0.26001,4.859731523326903
901,0.28001000000000004,3.515202766561093
901,0.30001,2.422749269503972
901,0.32001,1.518695056905451
901,0.34001000000000003,0.759261265053683
901,0.36001,0.11326143514649696
901,0.38001,0.
901,0.40001000000000003,0.
901,0.42001,0.
901,0.44001,0.
901,0.46001000000000003,0.
901,0.48001,0.
901,0.50001,0.
901,0.52001,0.
901,0.54001,0.
901,0.56001,0.
901,0.5800099999999999,0.
901,0.6000099999999999,0.
901,0.62001,0.
901,0.64001,0.
901,0.66001,0.
901,0.68001,0.
901,0.70001,0.
901,0.7200099999999999,0.
901,0.74001,0.
901,0.76001,0.
901,0.78001,0.
901,0.80001,0.
901,0.82001,0.
901,0.8400099999999999,0.
901,0.8600099999999999,0.
901,0.88001,0.
901,0.90001,0.
901,0.92001,0.
901,0.94001,0.
901,0.9600099999999999,0.
901,0.9800099999999999,0.
921,0.00001,7.592774601586476
921,0.02001,7.9281723552196555
921,0.040010000000000004,9.090755635448945
921,0.06001,11.801921895865366
921,0.08001,19.654847427664947
921,0.10001,20.
921,0.12000999999999999,20.
921,0.14001000000000002,20.
921,0.16001,20.
921,0.18001,14.983101894468657
921,0.20001000000000002,10.963628966525844
921,0.22001,8.144963819796363
921,0.24001,6.051297472822425
921,0.26001,4.433091974723326
921,0.28001000000000004,3.1453233055829144
921,0.30001,2.0972550064823405
921,0.32001,1.2288704918151467
921,0.34001000000000003,0.4987196427656343
921,0.36001,0.
921,0.38001,0.
921,0.40001000000000003,0.
921,0.42001,0.
921,0.44001,0.
921,0.46001000000000003,0.
921,0.48001,0.
921,0.50001,0.
921,0.52001,0.
921,0.54001,0.
921,0.56001,0.
921,0.5800099999999999,0.
921,0.6000099999999999,0.
921,0.62001,0.
921,0.64001,0.
921,0.66001,0.
921,0.68001,0.
921,0.70001,0.
921,0.7200099999999999,0.
921,0.74001,0.
921,0.76001,0.
921,0.78001,0.
921,0.80001,0.
921,0.82001,0.
921,0.8400099999999999,0.
921,0.8600099999999999,0.
921,0.88001,0.
921,0.90001,0.
921,0.92001,0.
921,0.94001,0.
921,0.9600099999999999,0.
921,0.9800099999999999,0.
941,0.00001,7.592774604028305
941,0.02001,7.941672390043722
941,0.040010000000000004,9.159934328614916
941,0.06001,12.058572337389585
941,0.08001,20.
941,0.10001,20.
941,0.12000999999999999,20.
941,0.14001000000000002,20.
941,0.16001,19.898709472885614
941,0.18001,14.050026605300916
941,0.20001000000000002,10.258556144494019
941,0.22001,7.580699109300631
941,0.24001,5.582623469410807
941,0.26001,4.033641922087914
941,0.28001000000000004,2.7983818629540496
941,0.30001,1.7915382921361167
941,0.32001,0.9563822074455398
941,0.34001000000000003,0.2535700487924606
941,0.36001,0.
941,0.38001,0.
941,0.40001000000000003,0.
941,0.42001,0.
941,0.44001,0.
941,0.46001000000000003,0.
941,0.48001,0.
941,0.50001,0.
941,0.52001,0.
941,0.54001,0.
941,0.56001,0.
941,0.5800099999999999,0.
941,0.6000099999999999,0.
941,0.62001,0.
941,0.64001,0.
941,0.66001,0.
941,0.68001,0.
941,0.70001,0.
941,0.7200099999999999,0.
941,0.74001,0.
941,0.76001,0.
941,0.78001,0.
941,0.80001,0.
941,0.82001,0.
941,0.8400099999999999,0.
941,0.8600099999999999,0.
941,0.88001,0.
941,0.90001,0.
941,0.92001,0.
941,0.94001,0.
941,0.9600099999999999,0.
941,0.9800099999999999,0.
961,0.00001,7.592774606494262
961,0.02001,7.955352916804914
961,0.040010000000000004,9.230969803075036
961,0.06001,12.330892659285038
961,0.08001,20.
961,0.10001,20.
961,0.12000999999999999,20.
961,0.14001000000000002,20.
961,0.16001,18.664455162066943
961,0.18001,13.191466227635914
961,0.20001000000000002,9.604286416472046
961,0.22001,7.054354900249301
961,0.24001,5.143948006491564
961,0.26001,3.658882666954133
961,0.28001000000000004,2.4723452926837712
961,0.30001,1.5038936699799617
961,0.32001,0.6997657233995582
961,0.34001000000000003,0.022532207790264228
961,0.36001,0.
961,0.38001,0.
961,0.40001000000000003,0.
961,0.42001,0.
961,0.44001,0.
961,0.46001000000000003,0.
961,0.48001,0.
961,0.50001,0.
961,0.52001,0.
961,0.54001,0.
961,0.56001,0.
961,0.5800099999999999,0.
961,0.6000099999999999,0.
961,0.62001,0.
961,0.64001,0.
961,0.66001,0.
961,0.68001,0.
961,0.70001,0.
961,0.7200099999999999,0.
961,0.74001,0.
961,0.76001,0.
961,0.78001,0.
961,0.80001,0.
961,0.82001,0.
961,0.8400099999999999,0.
961,0.8600099999999999,0.
961,0.88001,0.
961,0.90001,0.
961,0.92001,0.
961,0.94001,0.
961,0.9600099999999999,0.
961,0.9800099999999999,0.
981,0.00001,7.592774608983109
981,0.02001,7.9692093868326195
981,0.040010000000000004,9.303908702322646
981,0.06001,12.6204210377778
981,0.08001,20.
981,0.10001,20.
981,0.12000999999999999,20.
981,0.14001000000000002,20.
981,0.16001,17.539659636130413
981,0.18001,12.398478844742352
981,0.20001000000000002,8.99537569053779
981,0.22001,6.562184880021105
981,0.24001,4.732480572205685
981,0.26001,3.306619602021684
981,0.28001000000000004,2.165416646897331
981,0.30001,1.2328062869999483
981,0.32001,0.4577162605803114
981,0.34001000000000003,0.
981,0.36001,0.
981,0.38001,0.
981,0.40001000000000003,0.
981,0.42001,0.
981,0.44001,0.
981,0.46001000000000003,0.
981,0.48001,0.
981,0.50001,0.
981,0.52001,0.
981,0.54001,0.
981,0.56001,0.
981,0.5800099999999999,0.
981,0.6000099999999999,0.
981,0.62001,0.
981,0.64001,0.
981,0.66001,0.
981,0.68001,0.
981,0.70001,0.
981,0.7200099999999999,0.
981,0.74001,0.
981,0.76001,0.
981,0.78001,0.
981,0.80001,0.
981,0.82001,0.
981,0.8400099999999999,0.
981,0.8600099999999999,0.
981,0.88001,0.
981,0.90001,0.
981,0.92001,0.
981,0.94001,0.
981,0.9600099999999999,0.
981,0.9800099999999999,0.
