0,0,0,0.0,0.0,1,0,0
1,0,0,0.020952894798500155,0.0,1,0,0
0,0,0,0.04189658976764886,0.0,1,0,0
0,0,0,0.06282188911748209,0.0,1,-1,0
0,0,0,0.08371960513503714,0.0,1,0,0
0,0,0,0.10458056221842006,0.0,1,0,0
0,0,0,0.12539560090555554,0.0,1,0,0
0,0,0,0.14615558189585015,0.0,1,0,0
0,0,0,0.16685139006300337,0.0,1,0,0
0,0,0,0.18747393845720425,0.0,1,0,0
0,0,0,0.20801417229495658,0.0,1,0,0
1,0,0,0.22846307293478085,0.0,1,0,0
0,0,0,0.24881166183704703,0.0,1,0,1
0,0,0,0.26905100450620006,0.0,1,0,0
0,0,0,0.28917221441364643,0.0,1,0,0
0,0,0,0.3091664568995804,0.0,1,0,0
0,0,0,0.3290249530520352,0.0,1,0,0
0,0,0,0.348738983561458,0.0,1,0,0
0,0,0,0.368299892549114,0.0,1,0,0
0,0,0,0.38769909136764075,0.0,1,0,0
0,2,0,0.40692806237208284,0.0,1,0,0
0,0,0,0.42597836265975075,0.0,1,0,0
0,0,0,0.4448416277772635,0.0,1,0,0
0,0,0,0.4635095753931455,0.0,1,0,0
0,0,0,0.4819740089343667,0.0,1,0,0
0,0,0,0.500226821185228,0.0,1,0,0
0,0,0,0.5182599978470129,0.0,1,0,0
0,2,0,0.5360656210568415,0.0,1,0,0
0,0,0,0.553635872864182,0.0,1,0,0
0,0,0,0.570963038663495,0.0,1,0,0
0,0,0,0.5880395105814988,0.0,1,0,0
0,0,0,0.604857790817576,0.0,1,0,-1
0,0,0,0.6214104949358452,0.0,1,0,0
1,2,1,0.6376903551074622,0.0,1,0,0
1,0,0,0.6536902233017189,0.0,1,0,0
0,0,0,0.6694030744245434,0.0,1,0,0
0,0,0,0.6848220094030227,0.0,1,0,0
0,0,0,0.6999402582145922,0.0,1,0,0
0,0,0,0.7147511828595623,0.0,1,0,0
0,0,0,0.7292482802756799,0.0,1,-1,0
0,0,0,0.7434251851934387,0.0,1,-1,1
0,0,0,0.7572756729308926,0.0,1,0,0
0,0,0,0.7707936621267382,0.0,1,0,0
1,0,0,0.7839732174104708,0.0,1,0,0
0,0,0,0.796808552008439,0.0,1,0,0
0,0,0,0.8092940302846554,0.0,1,0,0
0,0,0,0.821424170215246,0.0,1,0,0
0,0,0,0.8331936457954539,0.0,1,0,0
0,0,0,0.8445972893781383,0.0,1,0,0
0,0,0,0.8556300939427439,0.0,1,0,-1
1,0,0,0.866287215293744,0.0,1,0,0
0,0,0,0.8765639741875899,0.0,1,0,0
1,0,0,0.8864558583872368,0.0,1,-1,0
0,0,0,0.8959585246433399,0.0,1,0,0
0,0,0,0.9050678006012542,0.0,1,0,0
1,0,0,0.9137796866329984,0.0,1,0,0
0,0,0,0.9220903575933792,0.0,1,0,0
0,0,0,0.9299961644995058,0.0,1,0,0
0,0,0,0.9374936361329562,0.0,1,0,0
0,0,1,0.9445794805638916,0.0,1,0,0
0,0,0,0.9512505865964509,0.0,1,0,0
0,0,0,0.9575040251347895,0.0,1,0,0
0,0,0,0.9633370504691635,0.0,1,-1,0
0,0,0,0.9687471014814937,0.0,1,0,0
0,0,0,0.973731802769881,0.0,1,-1,0
0,0,0,0.9782889656915789,0.0,1,0,0
0,0,0,0.9824165893239648,0.0,1,0,0
0,0,0,0.98611286134309,0.0,1,0,0
0,0,0,0.9893761588194192,0.0,1,0,0
1,0,0,0.9922050489304145,0.0,1,0,0
0,0,0,0.9945982895896469,0.0,1,0,1
0,0,0,0.996554829992162,0.0,1,0,0
0,0,0,0.9980738110758594,0.0,1,0,0
0,0,0,0.9991545658986816,0.0,1,0,0
0,0,0,0.9997966199314511,0.0,1,0,-1
0,0,0,0.9999996912662218,0.0,1,0,0
0,0,0,0.9997636907400572,0.0,1,0,0
0,0,0,0.9990887219741797,0.0,1,0,0
0,2,0,0.9979750813284729,0.0,1,0,0
0,0,0,0.9964232577713583,0.0,1,0,-1
0,0,0,0.9944339326651035,0.0,1,0,0
0,0,0,0.9920079794666544,0.0,1,0,0
0,0,0,0.9891464633441254,0.0,1,0,0
0,0,0,0.9858506407091133,0.0,1,0,0
0,0,0,0.9821219586650427,0.0,1,0,0
0,0,0,0.9779620543717827,0.0,1,0,0
0,0,0,0.9733727543268168,0.0,1,-1,0
0,0,0,0.9683560735632781,0.0,1,0,0
0,0,0,0.9629142147652053,0.0,1,0,0
0,0,0,0.9570495673004056,0.0,1,0,0
0,0,0,0.9507647061713498,0.0,1,0,0
0,2,0,0.9440623908845617,0.0,1,0,0
0,0,0,0.9369455642389952,0.0,1,0,0
0,0,0,0.9294173510339345,0.0,1,-1,0
0,0,0,0.9214810566969814,0.0,1,0,0
0,0,0,0.9131401658327354,0.0,1,-1,0
0,0,0,0.9043983406928003,0.0,1,0,0
0,0,0,0.8952594195677938,0.0,1,0,0
0,0,0,0.8857274151020598,0.0,1,0,0
0,0,0,0.8758065125318296,0.0,1,0,0
0,0,0,0.8655010678476018,0.0,1,0,-1
0,0,0,0.8548156058815486,0.0,1,-1,0
0,0,0,0.8437548183207888,0.0,1,0,-1
0,0,0,0.8323235616473996,0.0,1,0,0
1,0,0,0.8205268550060707,0.0,1,0,0
0,0,0,0.8083698780003394,0.0,1,0,0
0,0,0,0.7958579684183711,0.0,1,0,0
0,0,0,0.7829966198892856,0.0,1,0,0
0,0,0,0.7697914794710592,0.0,1,0,0
0,2,0,0.7562483451710592,0.0,1,0,0
0,0,0,0.7423731634003016,0.0,1,0,0
0,0,0,0.728172026362548,0.0,1,0,0
1,0,0,0.7136511693793901,0.0,1,-1,0
0,0,0,0.6988169681524943,0.0,1,0,0
0,0,0,0.6836759359642093,0.0,1,0,0
0,0,0,0.6682347208177676,0.0,1,0,0
0,0,0,0.6525001025183315,0.0,1,0,0
0,0,0,0.6364789896961717,0.0,1,0,0
0,0,0,0.6201784167732811,0.0,1,0,0
0,0,0,0.6036055408747569,0.0,1,0,0
0,0,0,0.5867676386863074,0.0,1,0,0
0,0,0,0.5696721032592634,0.0,1,0,0
0,2,0,0.5523264407644958,0.0,0,0,0
0,0,0,0.5347382671966666,0.0,1,0,0
0,2,0,0.5169153050302586,0.0,1,0,0
0,0,0,0.49886537982885426,0.0,1,0,0
0,0,0,0.480596416809148,0.0,1,0,0
0,0,0,0.46211643736120667,0.0,1,-1,0
0,0,0,0.44343355552650154,0.0,1,0,0
0,0,0,0.4245559744352601,0.0,1,0,0
0,0,0,0.40549198270470094,0.0,1,0,-1
0,0,0,0.38624995079973434,0.0,1,0,0
0,0,0,0.3668383273577253,0.0,1,-1,0
0,0,0,0.3472656354789333,0.0,1,0,0
1,0,0,0.32754046898425904,0.0,0,0,0
0,0,0,0.30767148864193616,0.0,1,0,0
0,0,0,0.2876674183648317,0.0,1,0,0
0,0,0,0.2675370413800202,0.0,1,-1,0
0,0,0,0.24728919637231456,0.0,1,0,0
1,0,0,0.22693277360344694,0.0,1,0,0
1,0,0,0.20647671100860387,0.0,1,0,0
0,0,0,0.18592999027202928,0.0,1,0,0
0,0,0,0.1653016328834183,0.0,1,0,1
0,0,0,0.1446006961768334,0.0,1,0,0
0,0,0,0.12383626935388456,0.0,1,-1,0
0,0,0,0.10301746949291243,0.0,1,0,0
0,0,0,0.08215343754593654,0.0,1,0,0
0,0,0,0.0612533343251187,0.0,1,-1,0
0,0,0,0.04032633648050698,0.0,1,0,0
0,0,0,0.019381632470825565,0.0,1,0,0
1,0,0,-0.0015715814709200751,0.0,1,0,0
0,0,0,-0.02252410537525163,0.0,1,0,0
0,0,0,-0.043466739575666886,0.0,1,0,0
0,0,0,-0.06439028874795612,0.0,1,-1,0
1,0,0,-0.08528556594760968,0.0,1,0,0
0,0,0,-0.10614339664355071,0.0,1,0,0
0,0,0,-0.1269546227464131,0.0,1,0,0
0,0,0,-0.14771010662960235,0.0,1,0,0
0,0,0,-0.16840073514137177,0.0,1,0,0
0,0,0,-0.189017423606152,0.0,1,0,0
0,0,0,-0.20955111981337782,0.0,1,-1,0
0,0,0,-0.22999280799206015,0.0,1,0,0
0,0,0,-0.25033351276935867,0.0,1,0,0
0,0,0,-0.27056430311141727,0.0,1,0,0
0,0,0,-0.29067629624472896,0.0,1,0,0
0,2,0,-0.3106606615563157,0.0,1,0,0
0,0,0,-0.33050862447100154,0.0,1,0,0
0,0,0,-0.35021147030408323,0.0,1,0,0
0,0,0,-0.3697605480877043,0.0,1,0,0
0,0,0,-0.3891472743692526,0.0,1,0,0
0,0,0,-0.40836313698011445,0.0,1,0,0
0,0,0,-0.42739969877312883,0.0,1,0,0
0,0,0,-0.4462486013271031,0.0,1,0,0
0,0,0,-0.4649015686167614,0.0,1,0,0
0,0,0,-0.48335041064651474,0.0,1,0,0
0,0,1,-0.5015870270464605,0.0,1,0,0
0,0,0,-0.5196034106290267,0.0,1,0,0
0,0,0,-0.5373916509047043,0.0,1,0,0
1,0,0,-0.5549439375553212,0.0,1,0,0
0,0,0,-0.5722525638633348,0.0,1,0,0
0,0,0,-0.5893099300956356,0.0,1,0,0
0,0,0,-0.606108546840377,0.0,1,0,0
1,0,0,-0.6226410382953665,0.0,1,0,0
0,0,0,-0.6389001455065745,0.0,1,-1,0
0,0,0,-0.6548787295553359,0.0,1,0,0
0,0,0,-0.6705697746928515,0.0,1,0,0
0,0,0,-0.6859663914206059,0.0,1,0,0
0,0,0,-0.7010618195153532,0.0,1,-1,0
0,0,0,-0.7158494309973418,0.0,1,0,0
0,0,0,-0.7303227330404751,0.0,1,0,0
0,0,0,-0.7444753708231291,0.0,1,0,0
0,0,0,-0.7583011303183774,0.0,1,0,0
1,0,0,-0.7717939410223946,0.0,1,0,0
0,0,0,-0.7849478786198472,0.0,1,0,0
0,0,0,-0.7977571675850923,0.0,1,0,0
0,0,0,-0.8102161837180504,0.0,1,0,1
0,0,0,-0.8223194566136336,0.0,1,0,0
0,0,0,-0.8340616720636477,0.0,1,0,0
0,0,0,-0.8454376743901117,0.0,1,0,0
0,0,0,-0.856442468708972,0.0,1,0,0
0,2,0,-0.8670712231232163,0.0,1,0,0
0,0,0,-0.8773192708444233,0.0,1,0,0
0,0,0,-0.8871821122418203,0.0,1,-1,0
0,0,0,-0.8966554168179437,0.0,1,0,0
0,0,0,-0.9057350251100398,0.0,1,0,0
0,0,0,-0.9144169505163685,0.0,1,0,0
0,0,0,-0.9226973810466084,0.0,1,0,0
0,0,0,-0.9305726809955949,0.0,1,0,0
0,0,0,-0.9380393925396558,0.0,1,0,0
0,0,0,-0.9450942372548466,0.0,1,0,0
0,0,0,-0.9517341175564134,0.0,1,0,-1
0,0,0,-0.9579561180588555,0.0,1,0,0
0,0,0,-0.9637575068559903,0.0,1,0,0
0,2,0,-0.9691357367204559,0.0,1,0,0
0,0,0,-0.9740884462221286,0.0,1,0,0
0,0,0,-0.9786134607649591,0.0,1,0,0
0,0,0,-0.9827087935417781,0.0,1,0,0
0,0,0,-0.9863726464066468,0.0,1,0,0
0,0,0,-0.9896034106643732,0.0,1,0,0
0,0,0,-0.9923996677768443,0.0,1,0,0
0,0,0,-0.9947601899858671,0.0,1,0,0
0,0,0,-0.9966839408522425,0.0,1,0,0
0,0,0,-0.9981700757108369,0.0,1,0,-1
0,0,0,-0.9992179420414508,0.0,1,0,0
0,0,0,-0.9998270797553224,0.0,1,0,0
0,0,0,-0.9999972213971394,0.0,1,0,0
1,0,0,-0.9997282922624717,0.0,1,0,0
0,0,0,-0.9990204104305712,0.0,1,0,0
0,0,0,-0.9978738867125272,0.0,1,0,0
0,0,0,-0.9962892245147975,0.0,1,0,0
0,0,0,-0.994267119618177,0.0,1,0,0
0,0,0,-0.9918084598723,0.0,1,0,0
0,0,0,-0.9889143248058097,0.0,1,0,0
0,0,0,-0.9855859851523677,0.0,1,0,0
0,0,0,-0.9818249022927108,0.0,1,0,0
0,0,0,-0.9776327276129991,0.0,1,0,0
0,0,0,-0.9730113017797389,0.0,1,0,0
0,0,0,-0.9679626539315975,0.0,1,0,0
0,0,0,-0.9624890007884651,0.0,1,0,0
0,0,0,-0.9565927456781553,0.0,1,0,0
1,0,0,-0.9502764774811714,0.0,1,0,0
1,0,0,-0.9435429694940007,0.0,1,0,0
1,0,0,-0.9363951782114389,0.0,1,0,0
0,2,0,-0.9288362420284747,0.0,1,0,0
0,0,0,-0.9208694798623094,0.0,1,0,0
1,0,0,-0.9124983896951127,0.0,1,0,-1
0,0,0,-0.9037266470381573,0.0,1,0,0
1,0,0,-0.8945581033180039,0.0,1,0,0
1,0,0,-0.8849967841854494,0.0,1,-1,-1
0,0,0,-0.8750468877479739,0.0,1,0,0
0,0,0,-0.8647127827264712,0.0,1,-1,0
0,0,0,-0.8539990065370651,0.0,1,-1,0
0,0,0,-0.842910263298857,0.0,1,0,0
0,0,0,-0.831451421768479,0.0,0,0,0
0,0,0,-0.8196275132023594,0.0,1,0,1
0,0,0,-0.8074437291476385,0.0,1,0,0
1,0,1,-0.7949054191627064,0.0,1,0,0
0,0,0,-0.7820180884683605,0.0,1,-1,0
0,0,0,-0.7687873955306183,0.0,1,0,0
0,0,0,-0.7552191495762428,0.0,1,0,0
0,0,0,-0.7413193080420745,0.0,1,0,0
1,0,0,-0.7270939739592863,0.0,1,0,0
0,0,0,-0.7125493932737148,0.0,1,0,0
0,0,0,-0.6976919521034397,0.0,1,0,1
0,0,0,-0.6825281739348186,0.0,1,0,0
0,0,0,-0.6670647167582062,0.0,1,0,0
0,0,0,-0.651308370144617,0.0,1,0,0
0,0,0,-0.6352660522646174,0.0,1,0,0
0,0,0,-0.6189448068507467,0.0,1,0,0
0,0,0,-0.602351800104814,0.0,1,0,0
0,0,0,-0.585494317551419,0.0,1,0,0
0,0,0,-0.5683797608390823,0.0,1,0,0
0,0,0,-0.5510156444903884,0.0,1,0,-1
1,0,0,-0.5334095926025703,0.0,1,0,0
0,2,0,-0.5155693354999802,0.0,1,0,1
0,0,0,-0.49750270633992244,0.0,1,0,0
0,0,0,-0.4792176376733321,0.0,1,0,0
0,0,0,-0.4607221579618145,0.0,1,0,0
0,0,0,-0.44202438805257277,0.0,1,0,0
0,0,0,-0.4231325376127708,0.0,1,0,0
0,0,0,-0.40405490152489865,0.0,1,0,0
0,0,0,-0.3847998562447218,0.0,1,-1,0
0,0,0,-0.36537585612341394,0.0,1,0,1
0,0,0,-0.34579142969548815,0.0,1,0,0
0,0,0,-0.3260551759341563,0.0,1,0,0
0,0,0,-0.3061757604757606,0.0,1,0,0
0,2,0,-0.28616191181493467,0.0,1,0,0
0,0,0,-0.2660224174721692,0.0,1,0,0
0,0,0,-0.2457661201354527,0.0,1,0,0
0,0,0,-0.22540191377769836,0.0,1,0,0
0,0,0,-0.2049387397516486,0.0,1,-1,0
0,0,0,-0.18438558286397763,0.0,1,0,0
0,0,0,-0.16375146743031435,0.0,1,0,0
0,0,0,-0.143045453312918,0.0,1,0,0
0,0,0,-0.12227663194274649,0.0,1,0,0
0,0,0,-0.10145412232766363,0.0,1,0,-1
0,0,0,-0.08058706704853807,0.0,1,0,0
0,0,0,-0.059684628244992106,0.0,1,0,0
0,0,0,-0.038755983592562764,0.0,1,0,0
0,0,0,-0.01781032227304144,0.0,1,0,0
0,0,0,0.0031431590602384665,0.0,1,0,0
0,0,0,0.024095260320394503,0.0,1,0,0
0,0,0,0.045036782026495685,0.0,1,0,0
0,0,0,0.06595852934279693,0.0,1,0,-1
0,0,0,0.08685131611593398,0.0,1,0,0
1,0,0,0.10770596890830611,0.0,1,0,0
0,0,0,0.12851333102587648,0.0,1,0,0
0,0,0,0.14926426653861666,0.0,1,0,0
0,0,0,0.1699496642918429,0.0,1,0,0
0,0,0,0.19056044190666543,0.0,1,0,0
0,0,0,0.21108754976780772,0.0,1,0,-1
0,0,0,0.23152197499703892,0.0,1,0,0
0,0,0,0.25185474541047653,0.0,1,0,1
1,0,0,0.2720769334580209,0.0,1,0,0
0,2,0,0.2921796601431926,0.0,1,0,0
0,0,0,0.3121540989216509,0.0,1,0,0
0,0,0,0.33199147957668274,0.0,1,0,0
0,0,0,0.3516830920699586,0.0,1,0,0
0,0,0,0.371220290365867,0.0,1,0,0
0,0,0,0.39059449622774634,0.0,1,0,0
0,0,0,0.40979720298434835,0.0,1,0,0
0,0,0,0.4288199792648793,0.0,1,0,0
0,0,0,0.447654472700979,0.0,1,0,1
0,0,0,0.4662924135940116,0.0,1,0,0
1,0,0,0.4847256185460585,0.0,1,0,0
0,2,0,0.5029459940530207,0.0,1,0,0
0,0,0,0.5209455400582457,0.0,1,0,0
0,0,0,0.5387163534651339,0.0,1,-1,0
0,0,0,0.5562506316071637,0.0,1,0,0
0,0,0,0.5735406756738239,0.0,1,0,0
0,0,0,0.590578894090947,0.0,1,0,0
0,0,0,0.6073578058539558,0.0,1,0,0
0,0,0,0.6238700438125636,0.0,1,0,0
0,0,0,0.6401083579054834,0.0,1,0,0
0,0,0,0.6560656183437266,0.0,1,0,0
0,0,0,0.6717348187410942,0.0,1,0,0
0,0,0,0.6871090791904843,0.0,1,-1,0
0,0,0,0.7021816492846668,0.0,1,0,0
0,0,0,0.716945911080198,0.0,1,0,0
0,0,0,0.7313953820031749,0.0,1,0,0
0,0,0,0.7455237176955509,0.0,1,0,0
0,0,0,0.7593247148007667,0.0,1,0,0
0,0,0,0.7727923136874694,0.0,1,0,0
0,0,0,0.7859206011101281,0.0,1,0,0
0,0,0,0.7987038128053735,0.0,1,-1,0
0,0,0,0.8111363360229256,0.0,1,0,0
0,0,0,0.8232127119899927,0.0,1,0,0
0,0,0,0.8349276383080692,0.0,1,0,1
0,0,0,0.8462759712810677,0.0,1,0,0
0,0,0,0.8572527281737731,0.0,1,0,0
0,0,0,0.8678530893996214,0.0,0,0,0
0,0,0,0.8780724006368457,0.0,1,0,0
0,0,0,0.8879061748720581,0.0,1,0,0
0,0,0,0.8973500943703725,0.0,1,0,0
0,0,0,0.9064000125711996,0.0,1,0,0
0,0,0,0.9150519559088872,0.0,1,0,0
0,0,0,0.9233021255574005,0.0,1,0,0
0,0,0,0.9311468990982803,0.0,1,0,0
1,0,0,0.9385828321111462,0.0,1,0,0
0,0,0,0.9456066596860443,0.0,1,0,0
0,0,0,0.9522152978569784,0.0,1,0,0
0,0,0,0.9584058449559927,0.0,1,0,0
0,0,0,0.964175582887213,0.0,1,0,1
0,0,0,0.9695219783202865,0.0,1,0,0
1,0,0,0.9744426838026966,0.0,1,0,0
0,0,0,0.978935538790463,0.0,1,0,0
1,0,0,0.982998570596776,0.0,1,0,0
1,0,0,0.9866299952581487,0.0,1,0,0
0,0,0,0.989828218317705,0.0,1,0,0
0,0,0,0.9925918355252608,0.0,1,0,0
0,0,0,0.9949196334538913,0.0,1,0,0
0,0,0,0.9968105900327128,0.0,1,0,0
0,0,0,0.9982638749956445,0.0,1,0,0
0,0,0,0.9992788502459565,0.0,1,0,0
0,0,0,0.9998550701364394,0.0,1,0,-1
0,0,0,0.9999922816650751,0.0,1,0,0
0,0,0,0.9996904245861242,0.0,1,0,0
0,0,0,0.9989496314365767,0.0,1,0,0
0,0,0,0.9977702274779598,0.0,1,0,0
0,0,0,0.9961527305535244,0.0,1,0,0
0,0,0,0.9940978508608743,0.0,1,0,0
0,0,0,0.9916064906401388,0.0,1,0,0
0,0,0,0.9886797437778239,0.0,1,0,0
0,0,0,0.9853188953265178,0.0,1,0,0
0,0,0,0.9815254209406599,0.0,1,0,0
0,0,0,0.9773009862286223,0.0,1,0,0
0,0,0,0.9726474460213882,0.0,1,-1,0
0,0,0,0.967566843558147,0.0,1,0,-1
0,0,0,0.9620614095891658,0.0,1,0,0
0,0,0,0.9561335613963288,0.0,1,0,0
1,0,0,0.9497859017317769,0.0,1,0,0
0,0,0,0.9430212176751122,0.0,1,0,0
0,0,0,0.9358424794096689,0.0,1,-1,0
0,0,0,0.9282528389183897,0.0,1,0,0
0,0,0,0.9202556285998776,0.0,1,0,0
1,0,0,0.9118543598052337,0.0,1,0,0
0,0,0,0.9030527212963205,0.0,1,0,0
0,0,0,0.8938545776261306,0.0,1,0,0
0,0,0,0.8842639674419693,0.0,1,0,0
0,0,0,0.8742851017121978,0.0,1,-1,0
0,0,0,0.8639223618773146,0.0,1,0,0
1,0,0,0.8531802979261883,0.0,1,-1,0
0,0,0,0.8420636263982844,0.0,1,0,0
0,0,0,0.8305772283127647,0.0,1,0,0
0,0,0,0.8187261470253694,0.0,1,0,-1
0,0,0,0.8065155860140198,0.0,1,0,0
0,0,0,0.7939509065941176,0.0,1,0,0
0,0,0,0.7810376255645408,0.0,1,0,0
1,2,0,0.7677814127853724,0.0,1,0,0
0,0,0,0.7541880886884231,0.0,1,0,0
0,0,0,0.7402636217216434,0.0,1,0,0
1,0,0,0.7260141257285442,0.0,1,-1,0
1,0,0,0.7114458572637803,0.0,1,0,0
0,0,0,0.696565212846072,0.0,1,0,0
0,0,0,0.6813787261496715,0.0,1,0,1
0,2,0,0.665893065135615,0.0,1,0,0
0,0,0,0.6501150291239994,0.0,1,0,0
0,0,0,0.6340515458085972,0.0,1,0,0
0,0,0,0.6177096682150983,0.0,1,0,0
0,0,0,0.6010965716043241,0.0,1,0,0
0,0,0,0.5842195503217713,0.0,1,0,0
0,0,0,0.5670860145948693,0.0,1,0,0
0,0,0,0.5497034872793568,0.0,1,0,0
0,0,0,0.5320796005562062,0.0,1,0,0
0,0,0,0.5142220925805469,0.0,1,0,0
0,0,0,0.4961388040840582,0.0,1,0,0
0,0,0,0.47783767493232343,0.0,1,0,0
0,2,0,0.45932674063865725,0.0,1,-1,0
0,0,0,0.44061412883593687,0.0,1,0,0
0,0,0,0.42170805570798614,0.0,1,0,0
0,0,0,0.40261682238207913,0.0,1,0,0
0,0,0,0.3833488112841477,0.0,1,0,0
0,2,0,0.3639124824582931,0.0,1,0,0
0,0,0,0.3443163698522174,0.0,1,0,0
0,2,0,0.3245690775702059,0.0,1,-1,0
0,0,0,0.3046792760953063,0.0,1,0,0
0,0,0,0.2846556984823619,0.0,1,0,0
0,0,0,0.26450713652357216,0.0,1,0,0
0,0,1,0.24424243688826272,0.0,1,0,0
0,0,0,0.2238704972385608,0.0,1,0,0
0,0,0,0.20340026232268082,0.0,1,0,0
1,0,0,0.18284072004753593,0.0,1,0,0
0,0,0,0.1622008975323998,0.0,1,0,0
0,0,0,0.1414898571453514,0.0,1,0,-1
0,0,0,0.12071669252424289,0.0,1,0,0
1,0,0,0.09989052458393789,0.0,1,0,0
1,0,0,0.07902049751157325,0.0,1,0,0
0,0,0,0.058115774751602456,0.0,1,0,0
0,0,0,0.03718553498238381,0.0,1,0,0
0,0,0,0.016238968086079848,0.0,1,0,-1
0,0,0,-0.004714728886362633,0.0,1,0,0
0,2,0,-0.025666355753380065,0.0,1,0,1
0,0,0,-0.046606713242334195,0.0,1,0,0
1,0,0,-0.06752660702865688,0.0,1,0,0
0,0,0,-0.08841685177281342,0.0,1,-1,0
0,0,0,-0.10926827515333858,0.0,1,0,0
0,0,0,-0.13007172189413896,0.0,1,0,0
0,0,0,-0.1508180577843202,0.0,1,0,0
0,0,0,-0.1714981736887631,0.0,1,-1,0
0,0,0,-0.1921029895476898,0.0,1,0,0
0,2,0,-0.21262345836346383,0.0,1,-1,0
0,0,0,-0.23305057017287328,0.0,1,-1,0
0,0,1,-0.2533753560031534,0.0,1,0,-1
0,0,0,-0.2735888918100115,0.0,1,0,0
1,0,0,-0.29368230239592463,0.0,1,-1,0
0,0,0,-0.3136467653069906,0.0,1,0,0
0,0,0,-0.33347351470662007,0.0,1,0,0
0,0,0,-0.3531538452243703,0.0,1,0,0
0,0,0,-0.37267911577822915,0.0,1,0,0
1,0,0,-0.3920407533686726,0.0,1,0,0
0,0,0,-0.41123025684282843,0.0,1,0,0
1,2,1,-0.43023920062709453,0.0,1,0,0
0,0,0,-0.44905923842657236,0.0,1,0,0
0,0,0,-0.46768210688969125,0.0,1,0,0
0,0,0,-0.48609962923641475,0.0,1,0,0
1,0,0,-0.5043037188484356,0.0,1,0,0
0,0,0,-0.5222863828197836,0.0,1,0,0
0,0,0,-0.5400397254662865,0.0,1,0,0
1,0,0,-0.5575559517923442,0.0,1,0,0
0,0,0,-0.5748273709134928,0.0,1,-1,0
0,0,0,-0.5918463994332562,0.0,1,0,0
0,0,0,-0.6086055647728044,0.0,1,0,0
0,0,0,-0.6250975084519517,0.0,1,-1,0
0,0,0,-0.6413149893200611,0.0,0,-1,0
0,0,0,-0.65725088673543,0.0,1,0,0
1,2,0,-0.672898203691764,0.0,1,0,0
0,0,0,-0.6882500698903675,0.0,1,0,0
0,0,0,-0.7032997447566989,0.0,1,0,1
1,0,0,-0.7180406203999679,0.0,1,0,0
0,0,0,-0.7324662245144758,0.0,1,0,0
0,0,0,-0.7465702232214235,0.0,1,0,0
0,0,0,-0.7603464238499404,0.0,1,0,0
0,0,0,-0.7737887776561122,0.0,1,0,0
0,0,0,-0.7868913824788168,0.0,1,-1,0
0,0,0,-0.7996484853311936,0.0,1,0,0
0,0,0,-0.8120544849266244,0.0,1,-1,0
0,0,0,-0.8241039341380985,0.0,1,-1,0
0,0,0,-0.8357915423898942,0.0,1,0,0
1,2,0,-0.8471121779805219,0.0,1,0,0
1,0,0,-0.8580608703359114,0.0,1,0,0
0,0,0,-0.8686328121918513,0.0,1,0,0
0,0,0,-0.8788233617047241,0.0,1,0,0
0,0,0,-0.8886280444896097,0.0,1,0,0
0,2,0,-0.898042555584863,0.0,0,-1,0
0,0,0,-0.9070627613423012,0.0,1,0,0
0,0,0,-0.9156847012421737,0.0,1,0,0
1,0,0,-0.9239045896321151,0.0,1,0,0
0,0,0,-0.9317188173893189,0.0,1,0,0
1,0,0,-0.9391239535052031,0.0,1,-1,0
0,0,0,-0.9461167465918685,0.0,1,0,0
0,0,0,-0.9526941263096939,0.0,1,0,0
0,0,0,-0.9588532047154346,0.0,1,0,0
1,0,0,-0.9645912775302385,0.0,1,0,0
0,0,0,-0.9699058253270191,0.0,1,0,0
0,0,0,-0.9747945146366646,0.0,1,0,0
0,0,0,-0.9792551989725994,0.0,1,0,0
0,0,0,-0.9832859197732466,0.0,1,-1,0
0,0,0,-0.9868849072619771,0.0,1,-1,0
1,0,0,-0.9900505812241686,0.0,1,0,0
0,0,0,-0.9927815517010343,0.0,1,0,0
0,0,0,-0.9950766195999149,0.0,1,0,0
0,0,0,-0.9969347772207655,0.0,1,0,0
1,0,0,-0.99835520869861,0.0,1,0,0
0,0,0,-0.9993372903617636,0.0,1,0,0
0,0,0,-0.9998805910056695,0.0,1,0,0
0,0,0,-0.9999848720822294,0.0,1,0,0
0,0,0,-0.9996500878045428,0.0,1,0,0
0,2,0,-0.9988763851670109,0.0,1,0,0
0,0,0,-0.9976641038807955,0.0,1,0,0
0,2,0,-0.9960137762246613,0.0,1,0,0
0,0,0,-0.993926126811267,0.0,1,-1,0
1,0,0,-0.9914020722690086,0.0,1,0,0
1,0,0,-0.9884427208395529,0.0,1,0,1
0,0,0,-0.9850493718912409,0.0,0,0,0
0,0,0,-0.9812235153485698,0.0,1,0,0
1,0,0,-0.9769668310380102,0.0,1,0,0
0,0,0,-0.9722811879504407,0.0,1,0,0
0,0,0,-0.9671686434205268,0.0,1,0,0
0,0,0,-0.961631442223402,0.0,1,0,0
0,0,0,-0.9556720155890513,0.0,1,0,0
1,0,0,-0.9492929801348248,0.0,1,0,0
0,0,0,-0.942497136716555,0.0,1,0,0
0,0,0,-0.9352874691987796,0.0,1,0,0
0,0,0,-0.9276671431446095,0.0,1,0,0
0,0,0,-0.9196395044258194,0.0,1,0,0
0,0,0,-0.9112080777537686,0.0,1,0,0
0,0,0,-0.9023765651317991,0.0,1,0,1
0,0,0,-0.89314884422979,0.0,1,0,0
0,0,0,-0.8835289666815809,0.0,1,0,0
0,0,0,-0.8735211563060127,0.0,1,0,0
0,0,0,-0.8631298072523678,0.0,1,-1,0
0,0,0,-0.8523594820710211,0.0,1,0,0
0,0,0,-0.841214909710153,0.0,1,0,0
0,0,0,-0.8297009834394,0.0,0,0,0
0,0,0,-0.8178227587013573,0.0,1,0,0
0,2,0,-0.8055854508918754,0.0,1,0,0
0,0,0,-0.7929944330701258,0.0,1,0,0
0,0,0,-0.7800552335994415,0.0,1,0,0
0,0,0,-0.766773533719967,0.0,1,0,0
0,0,1,-0.7531551650541852,0.0,1,0,-1
0,0,0,-0.7392061070464151,0.0,1,0,0
0,0,0,-0.7249324843374055,0.0,1,0,1
0,0,0,-0.7103405640751763,0.0,1,0,0
0,0,0,-0.6954367531632896,0.0,1,0,0
0,0,0,-0.6802275954477579,0.0,1,0,0
0,0,0,-0.6647197688438243,0.0,1,0,0
0,0,0,-0.6489200824038771,0.0,1,-1,0
0,0,0,-0.6328354733277853,0.0,1,0,0
1,0,0,-0.6164730039169689,0.0,1,0,1
0,0,0,-0.5998398584735395,0.0,1,0,0
0,0,0,-0.5829433401458749,0.0,1,0,0
0,0,0,-0.565790867722011,0.0,0,0,0
0,0,0,-0.5483899723722583,0.0,1,0,0
0,0,0,-0.5307482943424816,0.0,1,0,0
0,0,0,-0.5128735795994736,0.0,1,0,0
1,0,0,-0.49477367642992287,0.0,1,0,0
0,2,0,-0.4764565319944507,0.0,1,0,-1
1,0,0,-0.45793018883823433,0.0,1,0,0
0,0,0,-0.43920278135975094,0.0,1,0,0
0,0,0,-0.4202825322391913,0.0,1,0,0
0,0,0,-0.4011777488281109,0.0,1,0,0
1,0,0,-0.3818968195019045,0.0,1,0,-1
0,0,0,-0.36244820997670574,0.0,1,0,0
0,0,0,-0.3428404595923276,0.0,1,0,0
0,0,0,-0.32308217756287827,0.0,1,0,0
0,0,0,-0.30318203919669556,0.0,1,0,0
0,0,0,-0.28314878208726235,0.0,1,0,0
0,0,0,-0.26299120227677397,0.0,1,0,0
0,0,0,-0.24271815039404218,0.0,1,0,0
0,0,0,-0.22233852776843216,0.0,1,0,0
0,0,0,-0.20186128252153787,0.0,1,0,0
0,0,0,-0.1812954056383125,0.0,1,0,0
0,0,0,-0.16064992701937877,0.0,1,0,0
0,0,0,-0.13993391151625245,0.0,1,-1,0
0,0,0,-0.11915645495121978,0.0,1,0,0
0,0,0,-0.09832668012361684,0.0,1,0,0
0,0,0,-0.07745373280426364,0.0,1,0,0
0,0,0,-0.056546777719812355,0.0,1,0,0
0,0,0,-0.03561499452877246,0.0,1,0,0
0,0,0,-0.014667573790979781,0.0,1,0,0
0,0,0,0.006286287067720986,0.0,1,0,0
0,0,0,0.027237387793808413,0.0,1,0,0
0,0,0,0.04817652934565799,0.0,1,0,0
0,0,0,0.06909451793258375,0.0,1,0,0
0,0,0,0.08998216905157422,0.0,1,0,0
0,0,0,0.11083031151995058,0.0,1,0,0
0,0,0,0.13162979150217607,0.0,1,0,0
0,0,0,0.15237147652904898,0.0,1,0,0
0,0,0,0.17304625950751387,0.0,1,0,0
0,0,0,0.19364506271933143,0.0,1,0,0
0,0,0,0.2141588418068501,0.0,1,0,0
0,0,0,0.23457858974413204,0.0,1,-1,0
0,0,0,0.2548953407916791,0.0,1,-1,0
0,0,0,0.27510017443304835,0.0,1,0,0
0,0,0,0.29518421929159416,0.0,1,0,0
1,0,0,0.3151386570256428,0.0,1,-1,0
0,0,0,0.3349547262003795,0.0,1,-1,1
0,0,0,0.35462372613474913,0.0,1,0,0
0,0,0,0.37413702072168153,0.0,1,0,0
0,0,0,0.39348604221996425,0.0,1,0,0
0,0,0,0.4126622950160979,0.0,1,-1,0
0,0,0,0.4316573593544821,0.0,1,0,0
0,0,0,0.45046289503429415,0.0,1,0,0
0,0,0,0.46907064507143825,0.0,1,0,0
0,0,0,0.48747243932395523,0.0,1,0,-1
0,2,0,0.5056601980793036,0.0,1,0,0
0,0,0,0.523625935601935,0.0,1,0,0
0,0,0,0.5413617636396069,0.0,1,0,0
0,0,0,0.5588598948868934,0.0,1,0,0
0,0,0,0.5761126464043729,0.0,1,0,0
0,0,0,0.5931124429919915,0.0,1,0,0
0,0,0,0.6098518205151217,0.0,1,0,0
0,0,0,0.6263234291818544,0.0,1,0,0
0,0,0,0.6425200367700866,0.0,1,0,0
0,0,0,0.6584345318029885,0.0,1,0,0
0,0,0,0.6740599266714526,0.0,1,0,1
0,2,0,0.6893893607021582,0.0,1,0,0
0,0,0,0.7044161031699002,0.0,1,0,0
0,2,0,0.7191335562528627,0.0,1,0,0
0,0,0,0.7335352579295371,0.0,1,0,0
0,0,0,0.7476148848160155,0.0,1,0,0
0,0,0,0.761366254942411,0.0,1,0,0
0,0,0,0.7747833304671875,0.0,1,0,0
0,0,0,0.7878602203282075,0.0,1,0,1
0,0,0,0.8005911828293316,0.0,1,0,0
0,0,0,0.8129706281614375,0.0,1,0,0
0,2,0,0.8249931208567475,0.0,1,0,0
0,0,0,0.8366533821753911,0.0,1,0,0
0,0,0,0.8479462924231516,0.0,1,0,-1
0,0,0,0.8588668931993803,0.0,1,0,0
0,0,0,0.8694103895740922,0.0,1,0,1
0,0,0,0.8795721521932826,0.0,1,0,0
0,0,0,0.889347719311551,0.0,1,0,0
0,0,0,0.8987327987511261,0.0,1,0,0
0,0,0,0.9077232697864411,0.0,1,0,0
0,0,0,0.9163151849534292,0.0,1,0,1
0,0,0,0.9245047717827443,0.0,1,0,0
0,0,0,0.9322884344561467,0.0,1,0,0
0,0,0,0.9396627553853265,0.0,1,0,0
0,0,0,0.9466244967124706,0.0,1,0,0
0,0,0,0.9531706017319153,0.0,1,0,0
1,0,0,0.9592981962322605,0.0,1,0,0
0,0,0,0.9650045897583553,0.0,1,0,0
0,0,0,0.9702872767926014,0.0,1,0,0
0,0,0,0.9751439378550558,0.0,1,0,0
0,0,0,0.9795724405218497,0.0,1,0,0
0,0,0,0.9835708403614755,0.0,1,0,0
0,0,0,0.9871373817885328,0.0,1,0,0
0,0,0,0.990270498834557,0.0,1,0,0
0,0,0,0.992968815835591,0.0,1,0,0
0,0,0,0.9952311480362024,0.0,1,-1,0
0,0,0,0.9970565021096749,0.0,1,0,0
0,0,0,0.9984440765941514,0.0,1,0,0
0,0,0,0.9993932622445323,0.0,1,0,0
0,0,0,0.9999036422999794,0.0,1,0,0
1,0,0,0.9999749926669027,0.0,1,0,0
0,0,0,0.9996072820173542,0.0,1,0,0
0,0,0,0.9988006718027828,0.0,1,0,0
1,0,0,0.9975555161831459,0.0,1,0,0
0,0,0,0.9958723618714073,0.0,1,0,0
0,0,0,0.993751947893491,0.0,1,0,0
0,0,0,0.9911952052637958,0.0,1,0,1
0,0,0,0.9882032565764126,0.0,1,0,0
0,0,0,0.9847774155122249,0.0,1,0,0
1,0,0,0.9809191862621085,0.0,1,0,0
0,0,0,0.9766302628664831,0.0,0,0,0
0,0,0,0.971912528471507,0.0,1,0,0
0,0,0,0.9667680545022397,0.0,1,0,0
0,0,0,0.9611990997531379,0.0,1,0,0
0,0,0,0.9552081093962815,0.0,1,0,0
0,0,0,0.9487977139077671,0.0,1,0,0
0,0,0,0.9419707279127411,0.0,1,0,0
0,0,0,0.9347301489495738,0.0,1,0,1
0,0,0,0.9270791561537265,0.0,1,0,0
0,2,0,0.919021108861881,0.0,1,0,0
0,0,0,0.9105595451369497,0.0,1,0,0
0,0,0,0.9016981802146107,0.0,1,-1,-1
0,0,0,0.8924409048720521,0.0,1,0,0
0,0,0,0.8827917837196405,0.0,1,0,0
0,0,0,0.8727550534162649,0.0,1,0,0
0,0,0,0.8623351208091377,0.0,1,-1,0
0,2,0,0.8515365609988721,0.0,1,0,0
0,0,0,0.8403641153306831,0.0,1,0,0
0,0,0,0.8288226893125962,0.0,1,0,-1
0,0,0,0.8169173504615751,0.0,1,0,0
1,0,0,0.8046533260785184,0.0,1,0,0
0,0,0,0.7920360009530968,0.0,1,0,0
0,0,0,0.7790709149994435,0.0,1,0,0
0,0,0,0.765763760823733,0.0,1,0,0
0,0,0,0.7521203812247167,0.0,1,0,0
0,0,0,0.7381467666283141,0.0,1,0,0
0,0,0,0.7238490524573842,0.0,1,0,0
0,0,0,0.7092335164378334,0.0,1,0,1
0,0,0,0.6943065758422415,0.0,1,0,0
0,0,0,0.6790747846722174,0.0,1,0,-1
1,0,0,0.66354483078072,0.0,1,0,0
0,0,0,0.6477235329356102,0.0,1,0,0
1,2,1,0.6316178378257199,0.0,1,0,0
0,0,0,0.6152348170107557,0.0,1,0,0
0,0,0,0.5985816638163755,0.0,1,0,0
1,0,0,0.5816656901758002,0.0,1,0,0
0,0,0,0.5644943234193488,0.0,1,0,0
0,0,0,0.5470751030133055,0.0,1,0,0
0,0,0,0.5294156772495513,0.0,1,0,0
0,0,0,0.5115237998874133,0.0,1,0,0
0,0,0,0.4934073267492058,0.0,1,0,0
0,0,0,0.47507421227095886,0.0,1,0,0
0,0,0,0.4565325060098485,0.0,1,0,0
0,0,0,0.43779034910986114,0.0,1,0,0
0,0,0,0.4188559707272438,0.0,1,0,0
0,0,0,0.39973768441731844,0.0,1,0,0
0,0,0,0.38044388448422306,0.0,1,0,0
0,0,0,0.36098304229521416,0.0,1,0,0
0,2,0,0.34136370256112514,0.0,1,0,0
0,0,0,0.32159447958462284,0.0,1,0,0
0,0,0,0.3016840534779087,0.0,1,-1,0
0,2,0,0.28164116635152436,0.0,1,0,0
0,0,0,0.2614746184759358,0.0,0,0,0
0,2,0,0.24119326441758118,0.0,1,0,0
0,0,0,0.22080600915107843,0.0,1,0,0
0,0,0,0.20032180414930037,0.0,1,0,0
0,0,0,0.17974964345303368,0.0,1,0,0
0,0,0,0.15909855972194745,0.0,1,0,0
0,0,1,0.13837762026860514,0.0,1,0,0
0,0,0,0.11759592307726177,0.0,1,0,0
0,0,0,0.0967625928091936,0.0,1,0,0
0,0,0,0.075886776796315,0.0,1,0,0
0,0,0,0.05497764102484113,0.0,1,0,0
1,0,0,0.03404436611076009,0.0,1,0,0
0,0,0,0.013096143268881514,0.0,1,0,0
0,0,0,-0.007857829722768474,0.0,1,0,0
1,0,0,-0.028808352561433995,0.0,1,0,0
0,0,0,-0.04974622645922474,0.0,1,0,0
0,0,0,-0.0706622581820461,0.0,1,0,0
0,0,0,-0.09154726408609087,0.0,0,-1,0
0,0,0,-0.11239207415012004,0.0,1,0,0
0,0,0,-0.13318753600176228,0.0,1,0,0
0,0,0,-0.15392451893606443,0.0,1,0,0
0,0,0,-0.17459391792452833,0.0,1,0,0
0,0,0,-0.19518665761287382,0.0,1,0,0
0,0,0,-0.21569369630577273,0.0,1,0,0
0,0,0,-0.23610602993680402,0.0,1,0,0
0,0,0,-0.25641469602188727,0.0,1,0,0
0,0,0,-0.2766107775944584,0.0,1,0,0
0,0,0,-0.29668540712066177,0.0,1,0,0
0,2,1,-0.31662977039282736,0.0,1,0,0
0,0,0,-0.3364351103995613,0.0,1,0,0
0,0,0,-0.3560927311706789,0.0,1,0,0
0,0,0,-0.3755940015953886,0.0,1,0,0
0,0,0,-0.39493035921194425,0.0,1,0,0
0,0,0,-0.41409331396720883,0.0,1,0,0
0,0,0,-0.43307445194437283,0.0,1,0,0
0,0,0,-0.45186543905729537,0.0,1,0,0
0,0,0,-0.4704580247097423,0.0,1,0,0
0,0,0,-0.4888440454180175,0.0,1,-1,0
0,0,0,-0.507015428395295,0.0,1,0,0
0,0,0,-0.5249641950961781,0.0,1,-1,0
0,0,0,-0.5426824647198306,0.0,1,0,0
0,0,0,-0.5601624576702406,0.0,1,0,0
0,0,0,-0.5773964989719989,0.0,1,0,0
0,0,0,-0.5943770216401891,0.0,1,0,1
0,0,0,-0.6110965700028163,0.0,1,0,0
0,2,0,-0.627547802974406,0.0,1,0,0
0,0,0,-0.643723497279247,0.0,1,0,0
0,0,0,-0.659616550622952,0.0,1,0,0
1,0,0,-0.6752199848108533,0.0,1,0,0
0,2,0,-0.6905269488119554,0.0,1,0,0
0,0,0,-0.7055307217670088,0.0,1,0,0
0,2,0,-0.7202247159394723,0.0,1,0,0
1,2,0,-0.7346024796079859,0.0,1,0,0
0,0,0,-0.7486576998991478,0.0,1,0,0
0,2,0,-0.7623842055593285,0.0,1,0,0
0,0,0,-0.7757759696642785,0.0,1,0,0
0,0,0,-0.7888271122654,0.0,1,0,0
0,0,0,-0.8015319029714503,0.0,1,0,0
0,0,0,-0.8138847634646134,0.0,1,0,0
1,0,0,-0.825880269949766,0.0,1,0,0
0,0,0,-0.8375131555359308,0.0,1,0,0
0,2,0,-0.8487783125488045,0.0,1,0,0
1,0,0,-0.8596707947734106,0.0,1,0,0
0,0,0,-0.8701858196258283,0.0,1,0,0
0,0,0,-0.8803187702531059,0.0,1,0,0
0,0,0,-0.8900651975603779,0.0,1,0,0
0,2,0,-0.899420822164351,0.0,1,-1,1
0,0,0,-0.9083815362722488,0.0,1,0,-1
0,2,0,-0.9169434054854411,0.0,1,0,0
1,0,0,-0.9251026705269155,0.0,1,0,0
1,0,0,-0.9328557488918835,0.0,1,0,0
0,0,0,-0.9401992364207457,0.0,1,0,0
0,0,0,-0.9471299087937739,0.0,1,0,0
1,0,0,-0.9536447229468101,0.0,1,0,0
0,0,0,-0.9597408184073994,0.0,1,0,0
0,0,0,-0.9654155185507353,0.0,0,0,0
1,0,0,-0.970666331774898,0.0,1,0,0
0,0,0,-0.9754909525948404,0.0,1,0,0
0,0,0,-0.9798872626546683,0.0,1,0,0
0,0,0,-0.9838533316577451,0.0,1,0,0
0,0,0,-0.9873874182142367,0.0,1,0,0
0,0,0,-0.9904879706057018,0.0,1,0,0
0,0,0,-0.9931536274664127,0.0,1,0,0
0,0,0,-0.9953832183810887,0.0,1,0,0
0,0,0,-0.9971757643987962,0.0,1,-1,0
0,0,0,-0.998530478462776,0.0,1,0,1
0,0,0,-0.9994467657560195,0.0,1,0,0
0,0,0,-0.9999242239624355,0.0,1,0,0
1,0,0,-0.9999626434434962,0.0,1,0,0
0,0,0,-0.9995620073302831,0.0,1,0,0
0,0,0,-0.9987224915308943,0.0,1,0,1
0,0,0,-0.997444464653208,0.0,1,0,0
0,0,0,-0.9957284878430372,0.0,1,0,0
0,0,0,-0.9935753145377454,0.0,1,0,0
0,0,0,-0.9909858901354353,0.0,1,0,0
0,0,0,-0.9879613515798478,0.0,1,0,0
0,0,0,-0.9845030268611663,0.0,1,0,0
0,0,0,-0.9806124344329282,0.0,1,-1,0
0,0,0,-0.97629128254532,0.0,1,0,-1
1,2,0,-0.9715414684951266,0.0,1,0,0
0,0,0,-0.9663650777926874,0.0,1,0,0
0,0,0,-0.9607643832462013,0.0,1,-1,0
0,0,0,-0.9547418439638062,0.0,1,0,0
0,0,0,-0.948300104273847,0.0,1,0,0
0,0,0,-0.9414419925638322,0.0,1,0,0
0,0,0,-0.9341705200385602,0.0,1,0,0
1,2,0,-0.9264888793979926,0.0,1,0,0
0,0,0,-0.9184004434354192,0.0,1,0,0
0,0,0,-0.9099087635565692,0.0,1,0,0
0,0,0,-0.901017568220278,0.0,1,-1,0
1,0,0,-0.8917307613014358,0.0,1,0,0
0,0,0,-0.8820524203768945,0.0,1,0,1
0,0,0,-0.8719867949351296,0.0,1,0,0
0,0,0,-0.8615383045103968,0.0,1,-1,0
0,0,0,-0.8507115367422503,0.0,1,0,0
0,0,0,-0.8395112453612262,0.0,1,0,0
0,0,0,-0.8279423481016261,0.0,1,0,0
0,0,0,-0.8160099245422633,0.0,0,0,0
0,0,0,-0.8037192138761768,0.0,1,0,0
0,0,0,-0.791075612610233,0.0,1,0,0
0,0,0,-0.7780846721956867,0.0,1,0,0
0,0,0,-0.7647520965906778,0.0,1,0,0
0,0,0,-0.7510837397558001,0.0,1,0,0
0,0,0,-0.7370856030837731,0.0,1,0,1
0,0,0,-0.7227638327644172,0.0,1,0,0
0,2,0,-0.7081247170860154,0.0,1,0,0
0,0,0,-0.69317468367432,0.0,1,0,0
0,0,0,-0.6779202966703437,0.0,1,0,0
0,0,0,-0.6623682538482489,0.0,1,0,-1
0,0,0,-0.6465253836745216,0.0,1,0,0
0,0,0,-0.6303986423098019,0.0,1,0,0
0,0,0,-0.6139951105546204,0.0,1,0,0
1,0,0,-0.5973219907404088,0.0,1,0,0
0,0,0,-0.5803866035671774,0.0,1,-1,0
0,0,0,-0.5631963848891779,0.0,1,0,0
0,0,0,-0.5457588824500513,0.0,1,0,0
0,0,0,-0.5280817525688013,0.0,1,0,0
0,0,0,-0.5101727567781432,0.0,1,-1,0
0,0,0,-0.4920397584166079,0.0,1,0,0
0,0,0,-0.4736907191759945,0.0,1,0,0
0,0,0,-0.4551336956055898,0.0,1,0,0
0,0,0,-0.4363768355747882,0.0,1,0,0
0,0,0,-0.41742837469556493,0.0,1,0,1
0,0,0,-0.39829663270647503,0.0,1,0,0
0,0,0,-0.37899000981966363,0.0,1,0,0
0,0,0,-0.3595169830325936,0.0,1,0,0
0,0,0,-0.3398861024060076,0.0,1,0,0
0,0,0,-0.32010598730986173,0.0,1,0,0
0,0,0,-0.3001853226387755,0.0,1,0,0
0,0,0,-0.2801328549987642,0.0,1,0,0
0,0,0,-0.2599573888668223,0.0,1,0,0
0,0,0,-0.23966778272515135,0.0,1,0,0
0,0,0,-0.2192729451716211,0.0,1,0,0
0,0,0,-0.19878183100828126,0.0,1,0,0
0,0,0,-0.17820343730953087,0.0,1,0,0
0,0,0,-0.15754679947178282,0.0,1,-1,0
0,0,0,-0.13682098724624636,0.0,1,0,0
0,0,0,-0.11603510075668125,0.0,1,0,0
0,0,0,-0.09519826650376029,0.0,1,0,0
0,0,0,-0.0743196333579065,0.0,1,0,0
0,0,0,-0.05340836854225221,0.0,0,0,0
0,0,0,-0.03247365360759626,0.0,1,0,0
0,0,0,-0.011524680401013902,0.0,1,-1,0
0,0,0,0.009429352969997508,0.0,1,0,0
0,0,0,0.030379246176178307,0.0,1,-1,0
0,0,0,0.051315800706085074,0.0,1,0,0
0,0,0,0.07222982390492781,0.0,1,0,0
0,0,0,0.09311213301077884,0.0,1,0,0
0,0,0,0.11395355918649476,0.0,1,0,0
0,2,0,0.13474495154547136,0.0,1,0,0
0,0,0,0.1554771811695522,0.0,1,0,0
0,0,0,0.17614114511729156,0.0,1,0,0
0,0,0,0.19672777042077647,0.0,1,-1,0
0,0,0,0.2172280180693409,0.0,1,0,0
0,0,0,0.23763288697831422,0.0,1,0,0
0,0,0,0.2579334179411734,0.0,1,0,0
0,2,0,0.2781206975632518,0.0,1,0,0
0,0,0,0.29818586217538895,0.0,1,0,0
0,0,0,0.3181201017256918,0.0,1,0,0
0,0,0,0.3379146636478092,0.0,1,0,0
1,0,0,0.35756085670391163,0.0,1,0,0
0,0,0,0.3770500548007972,0.0,1,0,0
0,0,0,0.39637370077734085,0.0,1,0,0
0,0,0,0.4155233101617307,0.0,1,0,0
0,0,0,0.4344904748967358,0.0,1,0,0
0,0,0,0.45326686703147473,0.0,1,0,0
0,0,0,0.4718442423779594,0.0,1,0,0
0,0,0,0.4902144441309133,0.0,1,0,0
0,0,0,0.5083694064491706,0.0,1,0,0
0,0,0,0.5263011579971861,0.0,1,0,0
0,2,0,0.544001825445001,0.0,1,0,0
0,0,0,0.5614636369252256,0.0,1,0,0
0,0,0,0.5786789254454251,0.0,1,-1,0
0,0,0,0.5956401322545046,0.0,1,0,0
0,0,0,0.6123398101615218,0.0,1,0,0
1,0,0,0.6287706268055631,0.0,1,0,0
0,0,0,0.6449253678751546,0.0,1,0,0
0,0,0,0.660796940275888,0.0,1,0,0
0,0,0,0.6763783752447763,0.0,1,0,0
0,0,0,0.6916628314100648,0.0,1,0,0
1,0,0,0.7066435977950645,0.0,1,0,0
0,2,0,0.7213140967647749,0.0,1,0,0
0,0,0,0.7356678869139187,0.0,1,0,0
0,0,0,0.749698665895203,0.0,1,0,0
0,0,0,0.7634002731864833,0.0,1,0,0
0,0,0,0.7767666927956958,0.0,1,0,0
0,0,0,0.789792055902292,0.0,1,-1,0
0,0,0,0.8024706434340922,0.0,1,0,0
0,0,0,0.8147968885783519,0.0,1,0,0
0,0,0,0.8267653792260103,0.0,1,0,0
1,0,0,0.838370860347982,0.0,1,-1,1
0,0,0,0.8496082363024984,0.0,1,0,0
0,0,0,0.8604725730724676,0.0,1,0,-1
0,0,0,0.87095910043185,0.0,1,0,0
0,0,0,0.8810632140401449,0.0,1,0,0
0,0,0,0.8907804774640143,0.0,1,0,0
1,0,0,0.9001066241252096,0.0,0,0,0
0,0,0,0.9090375591738933,0.0,1,0,0
0,0,0,0.9175693612865863,0.0,1,0,0
0,0,0,0.9256982843878983,0.0,1,0,0
0,0,0,0.9334207592953366,0.0,1,0,0
0,0,0,0.9407333952864232,0.0,1,0,0
0,0,0,0.9476329815874763,0.0,1,0,0
0,0,0,0.9541164887833615,0.0,1,0,0
0,0,0,0.9601810701476321,0.0,1,0,0
0,0,0,0.9658240628924387,0.0,1,0,0
0,2,0,0.9710429893376924,0.0,1,0,0
0,0,0,0.9758355579989376,0.0,1,0,0
0,0,0,0.9801996645934856,0.0,1,0,0
0,0,0,0.9841333929643394,0.0,1,0,0
0,0,0,0.9876350159215311,0.0,1,0,0
0,0,0,0.9907029960004766,0.0,1,0,0
0,0,0,0.9933359861370386,0.0,1,0,0
0,0,0,0.99553283025898,0.0,1,0,0
1,0,0,0.997292563793567,0.0,1,0,1
0,0,0,0.9986144140910828,0.0,1,0,0
0,0,0,0.9994978007640786,0.0,1,0,0
0,0,0,0.9999423359422038,0.0,1,0,0
0,0,0,0.9999478244425106,0.0,1,0,0
0,0,0,0.9995142638551521,0.0,1,0,1
0,0,0,0.9986418445444408,0.0,1,0,0
0,0,0,0.9973309495652656,0.0,1,0,0
0,2,0,0.9955821544949016,0.0,1,0,0
0,0,0,0.9933962271802926,0.0,1,0,0
0,0,0,0.990774127400908,0.0,1,0,0
0,0,0,0.9877170064473337,0.0,1,0,0
0,0,0,0.9842262066157694,0.0,1,0,0
0,0,0,0.9803032606186677,0.0,1,0,0
0,2,0,0.9759498909117583,0.0,1,0,0
0,0,0,0.9711680089377704,0.0,1,0,0
0,0,0,0.9659597142871705,0.0,1,-1,0
0,0,0,0.9603272937762871,0.0,1,0,0
0,0,0,0.954273220443241,0.0,1,0,0
0,0,0,0.9478001524620955,0.0,1,0,0
0,0,0,0.9409109319757346,0.0,1,0,0
0,0,0,0.9336085838479492,0.0,1,0,0
0,0,0,0.9258963143353133,0.0,1,0,0
0,0,0,0.9177775096793966,0.0,1,0,0
0,0,0,0.9092557346199714,0.0,1,0,0
1,0,0,0.9003347308298238,0.0,1,0,1
0,0,0,0.8910184152719016,0.0,1,-1,0
1,0,0,0.8813108784794736,0.0,1,0,0
0,0,0,0.8712163827601036,0.0,1,-1,0
0,0,0,0.8607393603241773,0.0,1,-1,0
0,0,0,0.8498844113388564,0.0,1,0,0
0,0,0,0.83865630190826,0.0,1,0,0
0,0,0,0.8270599619808164,0.0,1,0,0
0,0,0,0.8151004831846458,0.0,1,0,0
0,0,0,0.8027831165919841,0.0,1,0,1
0,0,0,0.7901132704135685,0.0,1,0,0
0,0,0,0.7770965076240602,0.0,0,0,0
0,0,0,0.7637385435194806,0.0,1,0,0
0,0,0,0.7500452432078025,0.0,1,0,0
0,0,0,0.736022619033728,0.0,1,0,0
1,0,0,0.7216768279388537,0.0,1,0,0
1,0,0,0.7070141687583122,0.0,1,0,-1
0,0,0,0.6920410794551488,0.0,1,0,0
0,0,0,0.6767641342935722,0.0,1,0,0
1,0,0,0.6611900409524,0.0,1,0,1
0,0,0,0.6453256375798839,0.0,1,0,0
0,0,0,0.6291778897912912,0.0,1,0,1
1,0,0,0.6127538876104767,0.0,1,0,0
0,0,0,0.5960608423568738,0.0,1,0,1
0,0,0,0.5791060834791841,0.0,1,0,0
0,0,0,0.5618970553372438,0.0,1,0,0
1,0,0,0.5444413139333908,0.0,1,0,0
1,0,0,0.5267465235948596,0.0,1,0,0
1,0,0,0.5088204536085655,0.0,1,0,0
0,0,0,0.4906709748098499,0.0,1,0,0
0,0,0,0.47230605612660703,0.0,1,0,0
0,0,0,0.4537337610803425,0.0,1,0,0
0,0,0,0.43496224424572805,0.0,1,-1,0
0,0,0,0.415999747670131,0.0,1,0,0
0,0,0,0.3968545972547876,0.0,1,0,0
0,0,0,0.3775351990991075,0.0,1,0,0
0,0,0,0.35805003580981637,0.0,1,0,0
0,0,0,0.338407662776455,0.0,1,0,0
0,0,0,0.31861670441497375,0.0,1,0,0
0,0,0,0.2986858503809661,0.0,1,0,1
0,0,0,0.27862385175431126,0.0,1,0,0
0,2,0,0.2584395171967931,0.0,1,0,0
0,0,0,0.2381417090844905,0.0,1,0,1
0,0,0,0.21773933961652878,0.0,1,0,0
0,0,0,0.19724136690201033,0.0,1,0,0
0,2,0,0.17665679102673204,0.0,1,0,0
0,0,0,0.15599465010152733,0.0,1,-1,1
0,0,0,0.13526401629385704,0.0,1,0,0
0,0,0,0.11447399184450267,0.0,1,0,0
0,0,0,0.09363370507099925,0.0,1,0,0
0,0,0,0.07275230635967493,0.0,1,0,0
0,0,0,0.051838964147944366,0.0,1,0,0
0,0,0,0.03090286089873286,0.0,1,-1,0
0,0,0,0.009953189068685695,0.0,1,0,0
0,0,0,-0.011000852927953763,0.0,1,0,0
0,0,0,-0.03195006475813858,0.0,1,0,0
1,0,0,-0.052885248209598466,0.0,1,0,0
0,0,0,-0.07379721122954555,0.0,1,0,0
1,0,0,-0.09467677196061904,0.0,1,0,-1
0,2,0,-0.11551476277240993,0.0,1,-1,0
0,0,0,-0.13630203428668258,0.0,1,0,0
0,0,0,-0.15702945939463864,0.0,1,0,1
0,0,0,-0.17768793726434678,0.0,1,0,0
0,2,0,-0.1982683973366913,0.0,1,0,0
0,0,0,-0.21876180330797254,0.0,1,-1,0
1,0,0,-0.23915915709752272,0.0,1,0,0
0,0,0,-0.25945150279848345,0.0,1,0,0
0,0,0,-0.27962993061012115,0.0,1,0,0
0,0,0,-0.29968558074984697,0.0,1,0,0
0,0,0,-0.31960964734330993,0.0,1,0,0
0,0,0,-0.3393933822908192,0.0,1,0,0
0,2,0,-0.35902809910836675,0.0,1,0,0
0,0,0,-0.37850517674164547,0.0,1,0,0
0,0,0,-0.3978160633512866,0.0,1,0,0
0,0,0,-0.416952280067759,0.0,1,0,0
0,0,0,-0.43590542471417704,0.0,1,0,0
0,0,0,-0.4546671754954875,0.0,1,0,0
0,0,0,-0.4732292946523109,0.0,1,0,0
1,0,0,-0.4915836320779361,0.0,1,0,0
0,0,0,-0.5097221288967791,0.0,1,0,0
0,0,0,-0.5276368210028347,0.0,1,0,0
0,0,0,-0.5453198425564671,0.0,1,0,0
0,0,0,-0.5627634294381048,0.0,1,0,0
1,0,0,-0.5799599226572236,0.0,1,0,0
0,0,0,-0.5969017717152192,0.0,1,0,-1
0,0,0,-0.6135815379205956,0.0,1,0,0
0,0,0,-0.6299918976551097,0.0,1,0,0
0,0,0,-0.646125645589344,0.0,1,0,0
1,0,0,-0.6619756978463878,0.0,1,0,0
0,0,0,-0.6775350951121466,0.0,0,0,0
0,0,0,-0.6927970056910041,0.0,1,0,0
0,0,0,-0.7077547285054069,0.0,1,-1,0
1,0,0,-0.722401696038141,0.0,1,0,0
0,0,0,-0.7367314772159244,0.0,1,0,0
1,0,0,-0.7507377802331306,0.0,1,0,1
0,2,0,-0.7644144553143262,0.0,1,0,0
0,0,0,-0.777755497414482,0.0,1,0,0
0,0,0,-0.7907550488556035,0.0,1,0,0
0,0,0,-0.8034074018986905,0.0,1,0,0
0,0,0,-0.8157070012498276,0.0,1,0,0
0,2,0,-0.8276484464993759,0.0,1,0,0
0,0,0,-0.8392264944931246,0.0,1,0,0
0,0,0,-0.8504360616344295,0.0,1,-1,0
0,0,0,-0.8612722261162624,0.0,1,0,-1
0,0,0,-0.8717302300822534,0.0,0,0,0
1,0,0,-0.8818054817157184,0.0,1,0,0
0,0,0,-0.891493557255811,0.0,1,0,0
1,0,0,-0.90079020293986,0.0,1,0,0
1,0,0,-0.9096913368710825,0.0,1,0,0
0,0,0,-0.9181930508108356,0.0,1,0,0
0,0,0,-0.926291611894603,0.0,1,0,0
0,0,0,-0.9339834642710038,0.0,1,0,0
0,0,0,-0.9412652306630558,0.0,1,0,0
0,0,0,-0.9481337138510536,0.0,1,0,0
0,0,0,-0.9545858980763688,0.0,1,-1,0
0,0,0,-0.9606189503655942,0.0,1,0,0
0,0,0,-0.9662302217744138,0.0,1,0,0
0,0,0,-0.9714172485506893,0.0,1,0,0
0,0,0,-0.9761777532162167,0.0,1,0,0
0,0,0,-0.9805096455667094,0.0,1,0,0
0,0,0,-0.9844110235895434,0.0,1,0,1
0,0,0,-0.9878801742988821,0.0,1,-1,0
0,0,0,-0.9909155744877965,0.0,1,-1,0
0,0,0,-0.9935158913970665,0.0,1,0,0
0,0,0,-0.9956799833003543,0.0,1,0,0
1,0,0,-0.997406900005508,0.0,1,0,0
0,0,0,-0.9986958832717617,0.0,1,0,0
0,0,0,-0.9995463671426595,0.0,1,0,0
0,0,0,-0.9999579781945501,0.0,1,0,0
0,0,0,-0.9999305357005471,0.0,1,-1,0
0,0,0,-0.9994640517098813,0.0,1,0,0
0,0,0,-0.9985587310426096,0.0,1,0,0
0,2,0,-0.9972149711996852,0.0,1,0,0
0,0,0,-0.9954333621884245,0.0,1,-1,0
0,0,0,-0.9932146862634539,0.0,1,0,0
0,0,0,-0.9905599175832405,0.0,1,0,0
0,0,0,-0.9874702217823697,0.0,1,0,0
0,0,0,-0.9839469554597444,0.0,1,0,0
0,0,0,-0.9799916655829444,0.0,1,0,0
0,0,0,-0.975606088808991,0.0,1,0,0
0,0,0,-0.9707921507218358,0.0,1,0,0
0,0,0,-0.9655519649868839,0.0,1,0,0
0,0,0,-0.9598878324229498,0.0,1,0,0
0,0,0,-0.953802239992025,0.0,1,0,-1
0,0,0,-0.9472978597073297,0.0,1,0,0
0,0,0,-0.9403775474600995,0.0,1,0,1
0,0,0,-0.9330443417656513,0.0,1,-1,0
0,0,0,-0.9253014624292477,0.0,1,0,0
0,0,0,-0.9171523091323787,0.0,1,0,0
0,0,0,-0.9086004599400535,0.0,1,0,0
0,0,0,-0.8996496697297678,0.0,1,0,0
0,0,0,-0.8903038685428525,0.0,1,0,0
0,0,0,-0.8805671598588902,0.0,1,0,0
0,0,0,-0.8704438187940056,0.0,1,0,0
0,0,0,-0.8599382902237676,0.0,1,0,0
0,0,0,-0.8490551868315833,0.0,1,0,0
0,0,0,-0.8377992870833835,0.0,1,0,0
0,0,0,-0.8261755331295468,0.0,1,0,0
0,0,0,-0.8141890286349244,0.0,1,0,0
0,0,0,-0.8018450365379799,0.0,1,0,0
0,0,0,-0.7891489767399635,0.0,1,-1,1
0,0,0,-0.7761064237252031,0.0,1,0,0
0,0,0,-0.7627231041134853,0.0,1,0,0
0,0,0,-0.7490048941456766,0.0,1,0,0
0,0,0,-0.7349578171036111,0.0,1,-1,0
0,0,0,-0.7205880406654551,0.0,1,0,0
0,0,0,-0.7059018741976338,0.0,1,0,0
0,0,0,-0.6909057659845841,0.0,1,0,0
0,0,0,-0.6756063003974733,0.0,1,-1,0
0,0,0,-0.6600101950032073,0.0,1,0,0
0,0,0,-0.6441242976149139,0.0,1,0,0
0,0,0,-0.6279555832852807,0.0,1,0,0
0,0,0,-0.6115111512439837,0.0,1,0,0
0,0,0,-0.5947982217806359,0.0,1,0,0
0,0,0,-0.5778241330745384,0.0,1,0,0
1,0,0,-0.5605963379727138,0.0,1,0,0
0,0,0,-0.5431224007175467,0.0,1,0,1
0,0,0,-0.5254099936255603,0.0,1,0,0
0,0,0,-0.5074668937186931,0.0,1,0,1
0,0,0,-0.48930097930965055,0.0,1,0,0
0,0,0,-0.4709202265427341,0.0,1,0,0
0,0,0,-0.45233270589176444,0.0,1,0,-1
0,0,0,-0.4335465786165373,0.0,1,0,0
0,0,0,-0.4145700931794681,0.0,1,0,0
1,0,0,-0.39541158162389767,0.0,1,0,0
0,0,0,-0.37607945591575104,0.0,1,0,0
0,0,0,-0.35658220425005277,0.0,1,0,0
1,0,0,-0.336928387324021,0.0,1,0,0
0,0,0,-0.31712663457829554,0.0,1,0,0
1,0,0,-0.2971856404079818,0.0,1,0,-1
0,0,0,-0.2771141603452089,0.0,1,0,0
0,0,0,-0.2569210072147937,0.0,1,0,0
0,0,0,-0.23661504726480356,0.0,1,-1,0
0,0,0,-0.21620519627360746,0.0,1,0,0
0,0,0,-0.19570041563523513,0.0,1,-1,0
0,0,0,-0.17510970842465215,0.0,1,0,0
0,2,0,-0.15444211544478958,0.0,1,-1,0
0,0,0,-0.1337067112569528,0.0,1,0,0
0,0,0,-0.11291260019646363,0.0,1,0,0
0,0,0,-0.0920689123751736,0.0,1,0,0
1,0,0,-0.07118479967271574,0.0,1,0,0
1,0,0,-0.05026943171814219,0.0,1,-1,0
0,0,0,-0.029331991863825204,0.0,1,0,0
0,0,0,-0.00838167315327595,0.0,1,0,1
0,0,0,0.0125723257152351,0.0,1,-1,0
0,0,0,0.033520804427597375,0.0,1,0,0
0,0,0,0.05445456509343207,0.0,1,0,0
0,0,0,0.07536441628465665,0.0,1,0,0
0,0,0,0.09624117707115518,0.0,1,-1,0
0,0,0,0.11707568105189592,0.0,1,0,0
0,0,0,0.13785878037961308,0.0,1,0,0
0,0,0,0.15858134977739857,0.0,1,0,0
0,0,0,0.17923429054532747,0.0,1,0,0
1,0,0,0.19980853455547037,0.0,1,0,0
0,0,0,0.2202950482334265,0.0,1,-1,0
0,0,0,0.24068483652474104,0.0,1,-1,0
0,0,0,0.26096894684435396,0.0,1,0,0
0,0,0,0.28113847300745703,0.0,1,0,0
0,0,0,0.30118455913992276,0.0,1,0,0
0,0,0,0.3210984035666979,0.0,1,0,0
0,0,0,0.3408712626763454,0.0,1,0,0
0,0,0,0.36049445476014635,0.0,1,-1,0
0,0,0,0.3799593638239683,0.0,1,0,0
0,0,0,0.3992574433713337,0.0,1,0,0
1,0,0,0.4183802201559207,0.0,1,0,0
0,0,0,0.43731929790195445,0.0,1,0,0
0,0,0,0.4560663609907541,0.0,1,0,0
1,0,0,0.47461317811189774,0.0,1,0,0
0,0,0,0.49295160587736975,0.0,1,0,0
0,0,0,0.5110735923970724,0.0,1,-1,0
0,0,0,0.5289711808142101,0.0,1,0,0
0,0,0,0.5466365127988984,0.0,1,0,1
1,0,0,0.5640618319985597,0.0,1,0,0
0,0,0,0.5812394874434978,0.0,1,0,0
0,0,0,0.5981619369062474,0.0,0,0,0
0,0,0,0.6148217502131315,0.0,1,0,0
0,0,0,0.6312116125066657,0.0,1,-1,0
0,0,0,0.6473243274572853,0.0,1,0,0
0,0,0,0.6631528204230734,0.0,1,0,0
0,0,0,0.6786901415560167,0.0,1,0,0
0,0,0,0.6939294688535105,0.0,1,0,0
0,2,0,0.708864111153688,0.0,1,0,0
1,0,0,0.7234875110733423,0.0,1,0,0
0,0,0,0.7377932478870706,0.0,1,0,0
0,0,0,0.7517750403464536,0.0,1,0,0
0,0,0,0.7654267494379569,0.0,1,0,0
0,0,0,0.7787423810784185,0.0,1,0,0
0,0,0,0.7917160887468654,0.0,1,0,0
0,0,0,0.8043421760515738,0.0,1,0,0
0,0,0,0.8166150992311788,0.0,1,-1,0
0,0,0,0.8285294695888014,0.0,1,0,0
0,0,0,0.8400800558580575,0.0,1,0,0
1,0,0,0.8512617864999771,0.0,1,0,0
0,0,0,0.8620697519297594,0.0,1,0,0
0,0,0,0.8724992066724487,0.0,1,0,0
0,0,0,0.8825455714465253,0.0,1,0,0
0,0,0,0.892204435174554,0.0,1,0,0
0,0,0,0.9014715569199502,0.0,1,0,0
0,0,0,0.9103428677490708,0.0,1,0,0
0,0,0,0.9188144725177555,0.0,1,0,1
0,0,0,0.9268826515815879,0.0,1,0,0
0,0,0,0.9345438624290757,0.0,1,0,0
0,0,0,0.9417947412370791,0.0,1,0,0
0,0,0,0.9486321043477611,0.0,1,0,0
0,0,0,0.9550529496664524,0.0,1,0,0
0,0,0,0.9610544579797783,0.0,1,0,0
0,0,0,0.9666339941935009,0.0,1,0,0
0,0,0,0.9717891084895174,0.0,0,0,0
0,0,0,0.9765175374014998,0.0,1,0,0
0,0,0,0.9808172048087271,0.0,1,0,0
0,0,0,0.9846862228476451,0.0,1,0,0
0,0,0,0.9881228927407802,0.0,1,0,0
0,0,0,0.9911257055426203,0.0,1,0,1
0,0,0,0.9936933428021539,0.0,1,0,0
0,0,0,0.9958246771417628,0.0,1,0,0
0,0,0,0.9975187727522238,0.0,1,0,0
0,0,0,0.9987748858035944,0.0,1,0,0
0,0,0,0.9995924647718099,0.0,1,0,0
0,0,0,0.9999711506808399,0.0,1,0,0
0,0,0,0.9999107772603065,0.0,1,0,0
0,0,0,0.9994113710184882,0.0,1,0,0
1,0,0,0.9984731512306804,0.0,1,0,0
0,0,0,0.9970965298429186,0.0,1,0,0
0,0,0,0.9952821112911037,0.0,1,0,0
0,0,0,0.9930306922356121,0.0,1,0,0
0,0,0,0.990343261211503,0.0,1,-1,0
0,0,0,0.9872209981944822,0.0,1,0,-1
0,0,0,0.9836652740828052,0.0,1,0,0
0,0,0,0.979677650095358,0.0,1,0,0
0,0,0,0.9752598770861646,0.0,1,0,0
0,0,0,0.9704138947756416,0.0,1,0,1
0,0,0,0.9651418308989155,0.0,1,0,0
0,0,0,0.9594460002716,0.0,1,0,0
0,0,0,0.9533289037734184,0.0,1,0,0
0,0,0,0.946793227250145,0.0,1,0,0
0,0,0,0.9398418403343172,0.0,1,0,0
0,0,0,0.9324777951852686,0.0,1,0,0
0,0,0,0.9247043251490028,0.0,1,0,0
0,2,0,0.9165248433385307,0.0,1,-1,0
0,0,0,0.9079429411352585,0.0,1,-1,0
0,0,0,0.8989623866121231,0.0,1,0,0
0,0,0,0.8895871228791257,0.0,1,0,0
0,0,0,0.8798212663520341,0.0,1,-1,0
0,0,0,0.8696691049449679,0.0,1,0,0
0,0,0,0.8591350961877064,0.0,1,0,0
1,2,0,0.8482238652685077,0.0,1,0,0
0,0,0,0.8369402030033118,0.0,1,0,0
0,0,0,0.8252890637322413,0.0,1,0,0
0,0,0,0.8132755631442732,0.0,1,0,0
0,0,0,0.8009049760310996,0.0,1,0,0
0,0,0,0.7881827339710978,0.0,1,0,1
0,0,0,0.7751144229444935,0.0,1,0,0
0,0,0,0.7617057808806953,0.0,1,0,0
0,0,0,0.747962695138949,0.0,1,0,0
0,0,0,0.7338911999233444,0.0,1,0,0
0,0,0,0.7194974736333843,0.0,1,0,0
0,0,0,0.704787836151203,0.0,1,0,0
0,0,0,0.6897687460667024,0.0,1,0,1
0,0,0,0.6744467978417461,0.0,1,0,1
0,0,0,0.6588287189147367,0.0,1,0,0
0,0,0,0.6429213667467649,0.0,1,0,0
0,0,0,0.6267317258107111,0.0,1,0,0
0,0,0,0.6102669045245384,0.0,1,0,0
0,0,0,0.5935341321302061,0.0,1,0,1
0,0,0,0.5765407555194908,0.0,1,0,0
0,0,0,0.5592942360081936,0.0,1,0,0
0,0,0,0.5418021460600632,0.0,1,0,0
0,0,1,0.5240721659619617,0.0,1,0,0
1,0,0,0.5061120804516426,0.0,1,0,1
0,0,0,0.48792977529971426,0.0,1,-1,0
0,0,0,0.46953323384719425,0.0,1,0,0
0,0,0,0.450930533500273,0.0,1,0,0
0,0,0,0.43212984218372563,0.0,1,0,0
0,0,0,0.41313941475463023,0.0,1,0,0
0,0,0,0.39396758937786597,0.0,1,0,0
0,0,0,0.37462278386508385,0.0,1,0,0
0,0,0,0.3551134919786556,0.0,1,0,0
1,0,0,0.33544827970232655,0.0,1,0,0
1,0,0,0.3156357814801055,0.0,1,0,0
0,0,0,0.2956846964251493,0.0,1,0,0
0,0,0,0.27560378450019823,0.0,1,0,0
0,0,0,0.2554018626713495,0.0,1,-1,0
0,0,0,0.2350878010367466,0.0,1,0,0
0,0,0,0.21467051893199507,0.0,1,0,0
0,0,0,0.19415898101390477,0.0,1,0,0
0,0,0,0.1735621933243839,0.0,1,0,0
0,0,0,0.15288919933612813,0.0,1,0,0
0,0,0,0.13214907598187436,0.0,1,0,0
0,0,0,0.11135092966899823,0.0,1,0,0
0,0,0,0.09050389228111762,0.0,1,-1,1
0,0,0,0.06961711716856642,0.0,1,0,1
0,0,0,0.04869977512938649,0.0,1,0,0
1,0,0,0.02776105038271536,0.0,1,0,0
0,0,0,0.006810136536224434,0.0,1,0,0
0,0,0,-0.014143767450508278,0.0,1,0,0
0,0,1,-0.035091461305032136,0.0,1,0,0
0,0,0,-0.056023747481577436,0.0,1,0,0
0,0,0,-0.07693143519946861,0.0,1,0,0
0,0,0,-0.09780534447851026,0.0,1,0,0
0,0,0,-0.11863631016968772,0.0,1,0,0
1,0,0,-0.13941518597929903,0.0,1,0,0
0,0,0,-0.16013284848486473,0.0,1,0,1
0,0,0,-0.18078020114093876,0.0,1,0,0
0,0,0,-0.20134817827317522,0.0,1,0,0
1,0,0,-0.22182774905878383,0.0,1,0,0
0,0,0,-0.24220992149173948,0.0,1,0,0
0,0,0,-0.2624857463308922,0.0,1,0,0
0,0,0,-0.28264632102935633,0.0,1,0,0
0,0,0,-0.30268279364334166,0.0,1,0,0
0,0,1,-0.3225863667188218,0.0,1,0,0
0,0,0,-0.3423483011542223,0.0,1,0,0
1,0,0,-0.36195992003754296,0.0,1,0,-1
0,0,0,-0.38141261245611946,0.0,1,0,0
0,0,0,-0.4006978372774611,0.0,1,0,1
1,0,0,-0.41980712689939625,0.0,1,0,1
0,0,0,-0.4387320909679855,0.0,1,0,0
0,0,0,-0.45746442006146537,0.0,1,0,0
0,0,0,-0.4759958893387081,0.0,1,0,0
0,0,0,-0.4943183621504941,0.0,1,0,0
0,0,0,-0.5124237936121112,0.0,1,0,0
0,0,0,-0.5303042341356143,0.0,1,0,0
0,0,0,-0.5479518329202906,0.0,1,0,0
0,0,0,-0.5653588413997024,0.0,1,0,0
0,0,0,-0.5825176166438896,0.0,1,0,0
0,0,0,-0.5994206247151453,0.0,1,0,0
0,0,0,-0.6160604439759665,0.0,1,0,0
1,0,0,-0.6324297683476944,0.0,1,0,0
0,0,0,-0.6485214105183904,0.0,1,0,0
0,0,0,-0.6643283050986054,0.0,1,0,0
0,0,0,-0.6798435117235722,0.0,1,0,0
0,0,0,-0.6950602181005473,0.0,1,-1,0
0,0,0,-0.7099717429998766,0.0,1,0,0
1,0,0,-0.724571539188557,0.0,1,0,-1
0,0,0,-0.7388531963049223,0.0,1,0,0
0,0,0,-0.7528104436732743,0.0,1,-1,0
0,0,0,-0.7664371530571407,0.0,1,-1,0
0,0,0,-0.7797273413500312,0.0,1,0,0
0,0,0,-0.792675173202434,0.0,1,0,0
0,0,0,-0.8052749635839715,0.0,1,0,0
0,2,0,-0.8175211802795216,0.0,1,0,0
0,0,0,-0.8294084463182743,0.0,1,0,0
0,0,0,-0.840931542334593,0.0,1,0,0
0,0,0,-0.8520854088597081,0.0,1,0,0
0,0,0,-0.862865148543172,0.0,1,0,0
0,0,0,-0.8732660283031639,0.0,1,0,0
0,0,0,-0.8832834814046387,0.0,1,0,0
0,2,0,-0.892913109464467,0.0,1,0,0
0,0,0,-0.9021506843826275,0.0,1,0,0
0,0,0,-0.9109921501986615,0.0,1,0,0
0,0,0,-0.9194336248725182,0.0,1,0,0
0,0,0,-0.9274714019890621,0.0,1,0,0
0,2,0,-0.9351019523854445,0.0,1,0,0
0,0,0,-0.9423219257006711,0.0,1,0,0
0,0,0,-0.9491281518466415,0.0,1,0,0
0,0,0,-0.9555176424000552,0.0,1,0,0
0,0,0,-0.9614875919145365,0.0,1,0,0
0,0,0,-0.967035379152435,0.0,1,0,0
0,0,0,-0.9721585682357301,0.0,1,0,0
0,0,0,-0.9768549097155644,0.0,1,0,0
1,0,0,-0.9811223415599067,0.0,1,0,0
0,0,0,-0.9849589900589385,0.0,1,0,1
0,0,0,-0.9883631706477422,0.0,1,0,0
0,0,0,-0.9913333886459514,0.0,1,0,0
1,0,0,-0.993868339914019,0.0,1,0,0
0,0,0,-0.9959669114258305,0.0,1,-1,0
0,0,0,-0.9976281817574031,0.0,1,0,0
0,0,0,-0.9988514214914549,0.0,1,0,1
0,0,0,-0.9996360935376742,0.0,1,0,0
1,0,0,-0.999981853368539,0.0,1,-1,0
1,0,0,-0.9998885491705898,0.0,1,0,0
0,0,0,-0.9993562219110873,0.0,1,0,0
1,0,0,-0.998385105320024,0.0,1,0,0
0,0,0,-0.9969756257875007,0.0,1,0,0
0,0,0,-0.995128402176509,0.0,1,0,0
0,0,0,-0.9928442455512088,0.0,1,0,0
0,2,0,-0.9901241588208086,0.0,1,0,0
0,0,0,-0.9869693362992211,0.0,1,0,-1
0,0,0,-0.9833811631806683,0.0,1,0,0
0,0,0,-0.9793612149314861,0.0,1,0,0
0,0,0,-0.9749112565983769,0.0,1,0,0
0,0,0,-0.9700332420334317,0.0,1,0,0
0,0,0,-0.9647293130362429,0.0,1,0,1
0,0,0,-0.9590017984135063,0.0,1,0,0
0,0,0,-0.9528532129565003,0.0,1,0,0
1,0,0,-0.9462862563369192,0.0,1,0,0
0,0,0,-0.9393038119215146,0.0,1,0,0
0,0,0,-0.9319089455060986,0.0,1,0,0
0,2,0,-0.9241049039694298,0.0,1,0,0
0,2,0,-0.9158951138476088,0.0,1,0,0
0,0,0,-0.9072831798295724,0.0,1,0,0
0,0,0,-0.8982728831743867,0.0,1,-1,0
0,0,0,-0.8888681800509897,0.0,1,0,0
1,0,0,-0.8790731998011616,0.0,1,0,0
0,0,0,-0.8688922431264329,0.0,1,0,0
0,0,0,-0.8583297801997803,0.0,1,0,0
0,0,0,-0.8473904487028856,0.0,1,0,0
0,0,0,-0.8360790517898729,0.0,1,0,0
0,0,0,-0.824400555978364,0.0,1,0,0
0,0,0,-0.8123600889688352,0.0,1,0,-1
1,0,0,-0.7999629373931705,0.0,1,0,0
0,0,0,-0.7872145444934676,0.0,1,0,0
0,0,0,-0.7741205077320445,0.0,1,0,0
0,0,0,-0.7606865763337665,0.0,1,0,0
0,0,0,-0.7469186487617157,0.0,1,0,0
0,0,0,-0.7328227701273338,0.0,1,0,0
0,0,0,-0.7184051295362,0.0,1,0,0
0,0,0,-0.7036720573705486,0.0,1,0,0
0,0,0,-0.6886300225097948,0.0,1,0,0
1,0,0,-0.673285629490211,0.0,1,0,0
0,0,0,-0.6576456156050804,0.0,1,-1,0
1,0,0,-0.6417168479465196,0.0,1,-1,0
0,0,0,-0.6255063203903513,0.0,1,-1,0
0,0,0,-0.6090211505252684,0.0,1,0,0
0,0,0,-0.5922685765277216,0.0,1,0,0
0,0,0,-0.5752559539838168,0.0,1,0,0
0,0,0,-0.5579907526597054,0.0,1,0,0
0,0,0,-0.5404805532217971,0.0,1,0,-1
0,0,0,-0.5227330439083238,0.0,1,0,0
0,0,0,-0.5047560171536265,0.0,1,-1,0
0,0,0,-0.4865573661667396,0.0,1,0,0
0,2,0,-0.468145081465679,0.0,1,-1,0
0,0,0,-0.4495272473690548,0.0,0,0,0
0,0,0,-0.4307120384464477,0.0,1,0,0
0,0,0,-0.4117077159292102,0.0,1,0,0
0,0,0,-0.3925226240831654,0.0,1,0,0
0,0,0,-0.37316518654489966,0.0,1,0,0
0,0,0,-0.35364390262315315,0.0,1,0,0
0,0,0,-0.33396734356703817,0.0,1,0,0
0,0,0,-0.31414414880261693,0.0,1,0,0
0,0,0,-0.2941830221395981,0.0,1,0,0
0,0,0,-0.2740927279497112,0.0,1,0,0
0,0,0,-0.25388208731854295,0.0,1,0,0
0,0,0,-0.23355997417241892,0.0,1,0,0
0,0,0,-0.21313531138213793,0.0,1,0,0
0,0,0,-0.19261706684516205,0.0,1,0,1
0,0,0,-0.17201424954809164,0.0,1,0,0
0,0,0,-0.15133590561104365,0.0,1,0,0
0,0,0,-0.13059111431578166,0.0,1,0,0
0,0,0,-0.10978898411922947,0.0,1,0,0
0,0,0,-0.0889386486542308,0.0,1,0,0
0,0,0,-0.06804926271919873,0.0,1,0,0
0,0,0,-0.04712999825852475,0.0,1,0,0
0,0,0,-0.02619004033542431,0.0,1,-1,0
0,0,0,-0.005238583099022048,0.0,1,0,-1
0,0,0,0.015715174252516735,0.0,1,0,0
0,0,0,0.036662031511124814,0.0,1,0,0
0,2,0,0.05759279149835831,0.0,1,0,0
0,0,0,0.07849826410364864,0.0,1,-1,0
0,0,0,0.09936927031939434,0.0,1,0,0
0,0,0,0.12019664627123451,0.0,1,0,0
0,2,0,0.14097124724162127,0.0,1,0,0
0,0,0,0.16168395168503724,0.0,1,0,0
0,0,0,0.18232566523298274,0.0,1,0,0
0,0,0,0.20288732468708623,0.0,1,0,0
0,0,0,0.22335990199847305,0.0,1,0,0
0,0,0,0.24373440823175674,0.0,1,0,0
1,2,0,0.264001897511801,0.0,1,0,0
0,0,0,0.2841534709516305,0.0,1,0,0
0,0,0,0.30418028055965596,0.0,1,0,0
0,0,0,0.32407353312460613,0.0,1,0,0
0,0,0,0.34382449407635385,0.0,1,0,0
0,0,0,0.36342449132104804,0.0,1,0,0
0,0,0,0.38286491904876074,0.0,1,0,0
1,0,0,0.40213724151208335,0.0,1,0,0
0,0,0,0.42123299677390846,0.0,1,0,0
1,0,0,0.4401438004228551,0.0,1,0,0
0,0,0,0.4588613492546036,0.0,1,-1,0
0,0,0,0.47737742491762514,0.0,1,0,0
0,0,0,0.495683897521605,0.0,1,0,0
0,0,0,0.5137727292070745,0.0,1,0,0
0,2,0,0.531635977674585,0.0,1,0,0
0,0,0,0.5492657996719743,0.0,1,0,0
0,2,0,0.5666544544380969,0.0,1,-1,0
0,0,0,0.5837943071015858,0.0,1,-1,0
0,0,0,0.6006778320331152,0.0,1,0,-1
0,0,0,0.6172976161496856,0.0,1,-1,0
0,0,0,0.6336463621695093,0.0,1,0,0
0,0,0,0.64971689181602,0.0,1,0,0
0,0,0,0.665502148969687,0.0,1,0,0
0,0,0,0.6809952027661363,0.0,1,0,0
0,0,0,0.6961892506393111,0.0,1,0,0
0,0,0,0.7110776213082667,0.0,1,0,0
0,0,0,0.7256537777063741,0.0,1,0,0
0,0,0,0.739911319851547,0.0,1,0,0
0,0,0,0.7538439876562812,0.0,1,0,0
0,0,0,0.7674456636763122,0.0,1,0,0
0,0,0,0.7807103757965941,0.0,1,0,0
0,0,0,0.7936322998534976,0.0,1,0,0
1,0,0,0.8062057621920199,0.0,1,0,0
0,0,0,0.8184252421569537,0.0,1,0,0
0,0,0,0.8302853745168346,0.0,1,0,0
0,0,0,0.8417809518196725,0.0,1,0,1
0,0,0,0.8529069266793825,0.0,1,0,0
0,0,0,0.8636584139919741,0.0,1,-1,1
1,0,0,0.8740306930804476,0.0,1,0,0
0,0,0,0.8840192097675187,0.0,1,-1,0
0,0,0,0.8936195783752169,0.0,1,0,0
0,0,0,0.9028275836505341,0.0,1,0,0
0,0,0,0.9116391826162102,0.0,1,0,0
0,0,0,0.9200505063458979,0.0,1,0,0
0,0,0,0.9280578616628885,0.0,1,0,0
0,0,0,0.9356577327616993,0.0,1,0,0
0,0,0,0.9428467827517535,0.0,1,0,0
1,0,0,0.9496218551225217,0.0,1,0,0
0,0,0,0.9559799751294469,0.0,1,0,0
0,0,1,0.9619183511000862,0.0,1,0,0
0,0,0,0.9674343756598461,0.0,1,0,0
0,0,0,0.9725256268768124,0.0,1,0,0
0,0,0,0.9771898693251448,0.0,1,0,0
0,0,0,0.9814250550666015,0.0,1,0,0
0,0,0,0.9852293245497233,0.0,1,0,0
0,0,0,0.9886010074263143,0.0,1,0,0
0,0,0,0.9915386232848398,0.0,1,0,0
0,0,0,0.9940408823004413,0.0,1,0,0
0,0,0,0.9961066858012569,0.0,1,0,0
0,0,0,0.9977351267508199,0.0,1,0,0
0,0,0,0.99892549014631,0.0,1,0,0
0,2,0,0.9996772533324954,0.0,1,0,0
0,0,0,0.999990086231213,0.0,0,0,0
0,0,0,0.9998638514862972,0.0,1,0,0
0,0,0,0.9992986045238897,0.0,1,0,0
0,0,0,0.9982945935281028,0.0,1,0,0
0,0,0,0.9968522593320482,0.0,1,0,0
0,0,0,0.9949722352242821,0.0,1,0,0
0,0,0,0.9926553466707426,0.0,1,0,0
0,0,0,0.9899026109523124,0.0,1,0,0
0,0,0,0.9867152367181581,0.0,0,0,0
0,0,0,0.9830946234550504,0.0,1,0,0
1,0,0,0.9790423608728822,0.0,1,-1,0
0,0,0,0.9745602282066759,0.0,1,0,0
0,0,0,0.969650193435368,0.0,1,0,0
0,0,0,0.9643144124177316,0.0,1,0,0
0,0,0,0.9585552279457895,0.0,1,0,0
0,0,0,0.952375168716166,0.0,1,0,0
0,2,0,0.945776948219803,0.0,1,0,0
1,0,0,0.9387634635505517,0.0,1,0,0
0,0,0,0.931337794133126,0.0,1,0,0
0,0,0,0.9235032003710224,0.0,1,0,0
0,0,0,0.9152631222149628,0.0,1,0,0
0,0,0,0.9066211776525198,0.0,1,0,0
0,0,0,0.8975811611195436,0.0,1,0,0
0,0,0,0.8881470418341415,0.0,0,0,0
0,0,0,0.8783229620538998,0.0,1,0,0
0,0,0,0.8681132352571482,0.0,1,0,0
0,0,0,0.8575223442490115,0.0,1,0,0
0,0,0,0.8465549391931495,0.0,1,0,0
0,0,0,0.8352158355699921,0.0,1,0,1
0,0,0,0.8235100120624137,0.0,1,0,0
0,0,0,0.8114426083697082,0.0,1,0,0
0,0,0,0.7990189229509076,0.0,1,0,0
0,0,0,0.7862444106983681,0.0,1,0,0
0,0,0,0.7731246805426973,0.0,1,0,0
0,0,0,0.7596654929900039,0.0,1,0,0
0,2,0,0.7458727575926376,0.0,1,0,0
0,0,0,0.7317525303544616,0.0,1,0,0
0,0,0,0.7173110110718499,0.0,1,0,0
0,0,0,0.7025545406115017,0.0,1,-1,0
0,0,0,0.687489598126363,0.0,1,0,-1
0,0,0,0.6721227982108026,0.0,1,-1,0
0,0,0,0.6564608879963495,0.0,1,0,0
1,0,0,0.6405107441891853,0.0,1,0,0
0,0,0,0.6242793700507901,0.0,1,-1,0
0,0,0,0.6077738923230238,0.0,1,0,0
0,0,0,0.5910015580989398,0.0,1,0,0
0,0,0,0.5739697316408119,0.0,1,0,0
0,0,0,0.5566858911466807,0.0,1,0,0
0,0,0,0.5391576254669109,0.0,1,0,0
1,0,0,0.5213926307721038,0.0,1,0,0
0,0,0,0.5033987071739477,0.0,1,0,0
0,0,0,0.48518375530039537,0.0,1,0,0
0,0,0,0.4667557728267441,0.0,1,0,0
0,0,0,0.44812285096404386,0.0,1,0,0
0,0,0,0.42929317090649743,0.0,1,0,0
0,0,0,0.41027500023931446,0.0,1,0,0
0,0,0,0.39107668930867223,0.0,1,0,1
0,0,0,0.37170666755527404,0.0,1,0,0
0,0,0,0.35217343981324317,0.0,1,0,0
0,0,0,0.33248558257587546,0.0,1,0,0
1,0,0,0.3126517402299682,0.0,1,0,0
0,0,0,0.2926806212602717,0.0,1,0,0
0,0,0,0.2725809944258641,0.0,1,-1,0
0,0,0,0.25236168491002137,0.0,1,0,0
1,0,0,0.2320315704453541,0.0,1,0,0
1,0,0,0.21159957741580235,0.0,1,0,0
0,0,0,0.19107467693733787,0.0,1,0,-1
0,0,0,0.17046588091898457,0.0,1,0,0
0,0,0,0.14978223810596947,0.0,1,0,0
0,0,0,0.12903283010663022,0.0,1,0,0
0,0,0,0.10822676740496308,0.0,1,0,0
0,0,0,0.08737318536045056,0.0,1,0,0
0,0,0,0.06648124019700909,0.0,1,0,0
0,0,0,0.04556010498270508,0.0,1,0,0
0,0,0,0.024618965602145954,0.0,1,0,0
0,2,0,0.0036670167232012367,0.0,1,0,0
0,0,0,-0.017286542240090203,0.0,1,0,0
0,0,0,-0.03823251116676785,0.0,1,0,0
0,0,0,-0.05916169326843663,0.0,1,0,0
0,0,0,-0.08006489912733329,0.0,1,0,0
0,0,0,-0.10093295073111415,0.0,1,0,0
1,0,0,-0.12175668550270571,0.0,1,0,0
0,0,0,-0.14252696032331444,0.0,1,-1,1
0,0,0,-0.16323465554689312,0.0,1,0,-1
0,0,0,-0.1838706790043642,0.0,1,0,0
0,0,0,-0.20442596999570864,0.0,1,0,0
0,0,0,-0.22489150326827925,0.0,1,0,0
0,0,0,-0.24525829297950894,0.0,1,0,-1
1,0,0,-0.26551739664238405,0.0,1,0,0
0,0,0,-0.28565991905181215,0.0,1,0,0
1,0,0,-0.3056770161902714,0.0,1,0,0
0,0,0,-0.3255598991109435,0.0,1,0,0
0,0,0,-0.3452998377967355,0.0,1,0,0
1,0,0,-0.36488816499335786,0.0,1,0,0
0,0,0,-0.3843162800148871,0.0,1,0,0
0,0,0,-0.40357565252005934,0.0,1,0,0
0,0,0,-0.4226578262577443,0.0,1,0,0
0,0,0,-0.4415544227798215,0.0,1,0,0
0,0,0,-0.4602571451199355,0.0,1,0,0
0,0,0,-0.47875778143643577,0.0,1,0,0
0,0,0,-0.49704820861800497,0.0,1,0,0
0,0,0,-0.5151203958502637,0.0,1,0,0
0,0,0,-0.5329664081418891,0.0,1,-1,0
0,0,0,-0.5505784098086226,0.0,1,0,0
0,0,0,-0.5679486679137363,0.0,1,0,0
0,0,0,-0.5850695556633245,0.0,1,0,0
0,0,0,-0.6019335557550268,0.0,1,0,0
1,0,0,-0.6185332636786429,0.0,1,0,0
0,0,0,-0.6348613909672792,0.0,1,0,0
0,0,0,-0.6509107683974882,0.0,1,0,0
0,0,0,-0.6666743491370843,0.0,1,0,1
0,0,0,-0.6821452118391899,0.0,1,0,0
1,0,0,-0.697316563681236,0.0,1,0,0
0,0,0,-0.7121817433474801,0.0,1,0,0
0,0,0,-0.7267342239538126,0.0,1,0,0
0,0,0,-0.7409676159135102,0.0,1,0,0
0,0,0,-0.7548756697427531,0.0,1,-1,0
0,0,0,-0.7684522788045792,0.0,1,0,0
0,0,0,-0.7816914819901466,0.0,1,0,0
0,0,0,-0.7945874663360717,0.0,1,0,1
0,0,0,-0.8071345695767655,0.0,1,0,0
0,0,0,-0.819327282630562,0.0,1,0,0
0,2,0,-0.8311602520185898,0.0,1,0,0
0,0,0,-0.8426282822153595,0.0,1,0,1
1,0,0,-0.8537263379299567,0.0,1,0,0
0,0,0,-0.8644495463169051,0.0,1,0,0
1,0,0,-0.8747931991156824,0.0,1,0,0
0,0,0,-0.8847527547180069,0.0,1,0,0
0,0,0,-0.8943238401619159,0.0,1,0,0
0,0,0,-0.9035022530518182,0.0,1,0,0
0,0,0,-0.9122839634036353,0.0,1,0,0
0,0,0,-0.9206651154142736,0.0,1,0,0
0,0,0,-0.9286420291545869,0.0,1,0,1
0,0,0,-0.936211202185136,0.0,1,0,-1
0,0,0,-0.9433693110940014,0.0,1,0,0
0,2,0,-0.9501132129560158,0.0,1,0,0
0,0,0,-0.9564399467127248,0.0,1,0,0
0,0,0,-0.9623467344725084,0.0,1,0,0
0,0,0,-0.967830982730268,0.0,1,0,0
0,0,0,-0.9728902835061739,0.0,1,0,0
0,2,0,-0.9775224154029336,0.0,1,0,0
1,0,0,-0.9817253445811486,0.0,1,0,0
0,0,0,-0.9854972256523105,0.0,1,0,0
0,0,0,-0.9888364024890685,0.0,1,0,0
1,0,0,-0.9917414089523822,0.0,1,0,0
0,0,0,-0.9942109695352646,0.0,1,0,0
0,0,0,-0.9962439999228185,0.0,1,0,0
0,0,0,-0.9978396074683338,0.0,1,0,0
0,0,0,-0.9989970915852197,0.0,0,0,0
0,0,0,-0.9997159440546142,0.0,1,0,0
0,0,0,-0.999995849248528,0.0,1,0,0
0,0,0,-0.9998366842684291,0.0,1,-1,0
0,0,0,-0.9992385189992029,0.0,1,0,0
1,0,0,-0.9982016160784684,0.0,1,0,0
0,0,0,-0.9967264307812613,0.0,1,0,0
0,0,0,-0.9948136108201354,0.0,1,0,0
0,0,0,-0.9924639960607698,0.0,1,0,0
0,2,0,-0.989678618153207,0.0,1,0,0
0,0,0,-0.9864587000788875,0.0,0,0,0
0,0,0,-0.9828056556136681,0.0,1,0,0
0,0,0,-0.9787210887070737,0.0,1,0,0
0,0,0,-0.9742067927780538,0.0,1,0,0
0,0,0,-0.9692647499275332,0.0,1,0,0
0,0,0,-0.9638971300681332,0.0,1,0,0
0,0,0,-0.9581062899714198,0.0,1,0,0
0,0,0,-0.9518947722331194,0.0,1,0,0
0,0,0,-0.9452653041567248,0.0,1,0,0
0,0,0,-0.9382207965560201,0.0,1,0,0
0,0,0,-0.9307643424770191,0.0,1,0,0
0,0,1,-0.9228992158399061,0.0,1,0,-1
0,0,0,-0.9146288700015339,0.0,1,0,0
0,0,0,-0.9059569362391613,0.0,1,0,0
0,0,0,-0.8968872221560558,0.0,1,0,0
0,0,0,-0.8874237100096936,0.0,1,0,0
0,0,0,-0.8775705549632435,0.0,1,0,0
0,0,0,-0.8673320832611637,0.0,1,-1,0
0,0,0,-0.8567127903296615,0.0,1,0,0
0,0,0,-0.8457173388028931,0.0,1,0,0
0,0,0,-0.8343505564757091,0.0,1,0,0
0,0,0,-0.8226174341839195,0.0,1,0,0
1,0,0,-0.81052312361295,0.0,1,0,0
0,0,0,-0.7980729350358972,0.0,1,0,0
1,0,0,-0.7852723349819124,0.0,1,0,0
0,0,0,-0.7721269438360175,0.0,1,-1,0
0,0,0,-0.7586425333713431,0.0,1,0,0
0,0,0,-0.7448250242149226,0.0,1,0,0
0,0,0,-0.7306804832480833,0.0,1,-1,0
0,0,0,-0.7162151209426668,0.0,1,0,0
0,0,0,-0.7014352886341755,0.0,1,-1,0
0,0,0,-0.6863474757330991,0.0,1,-1,0
0,0,0,-0.6709583068755656,0.0,1,0,0
0,0,0,-0.6552745390146697,0.0,1,0,0
0,0,0,-0.6393030584536733,0.0,1,0,0
0,0,0,-0.6230508778224437,0.0,1,0,0
0,0,0,-0.6065251329983731,0.0,1,-1,0
0,0,0,-0.5897330799732344,0.0,1,0,0
0,0,0,-0.5726820916672691,0.0,1,0,0
0,0,0,-0.5553796546919663,0.0,1,0,0
0,0,0,-0.5378333660628671,0.0,1,0,0
1,0,0,-0.5200509298639449,0.0,1,0,0
0,0,0,-0.5020401538649761,0.0,1,0,-1
0,0,0,-0.4838089460933309,0.0,1,0,0
0,0,0,-0.4653653113618041,0.0,1,0,0
0,0,0,-0.4467173477539134,0.0,1,-1,0
0,0,0,-0.42787324306828334,0.0,1,0,0
0,0,0,-0.408841271223574,0.0,1,0,0
0,0,0,-0.38962978862566044,0.0,1,0,0
1,0,0,-0.37024723049855585,0.0,1,0,0
0,0,0,-0.35070210718076733,0.0,1,0,0
0,0,0,-0.33100300038860525,0.0,0,-1,0
0,0,0,-0.31115855944821785,0.0,1,0,0
0,0,0,-0.2911774974979013,0.0,1,0,0
0,0,0,-0.27106858766243175,0.0,1,0,0
0,0,0,-0.2508406592009911,0.0,1,0,0
0,0,1,-0.23050259363051384,0.0,1,0,0
0,2,0,-0.21006332082604784,0.0,1,0,0
0,0,0,-0.18953181509992403,0.0,1,0,0
0,0,0,-0.16891709126134563,0.0,1,0,0
0,0,0,-0.14822820065826559,0.0,1,0,-1
0,0,0,-0.12747422720317914,0.0,1,0,0
0,0,0,-0.10666428338466041,0.0,1,0,0
0,0,0,-0.08580750626628164,0.0,0,0,0
0,0,0,-0.06491305347481259,0.0,1,-1,0
0,0,0,-0.04399009917934889,0.0,1,0,0
0,0,0,-0.023047830063219747,0.0,1,0,0
0,0,0,-0.0020954412903299528,0.0,1,-1,0
1,0,0,0.018857867532150716,0.0,1,0,0
0,0,0,0.03980289639309157,0.0,1,0,0
0,0,0,0.06073044891683987,0.0,1,0,0
0,2,0,0.08163133640113443,0.0,1,0,-1
0,0,0,0.10249638185157907,0.0,1,0,-1
0,2,0,0.12331642401101804,0.0,1,0,0
0,0,0,0.14408232138195923,0.0,1,0,0
0,0,0,0.16478495624039213,0.0,1,0,0
0,0,0,0.18541523863909679,0.0,1,-1,0
0,0,0,0.20596411039879922,0.0,1,0,0
0,0,0,0.22642254908533624,0.0,1,0,-1
0,0,0,0.2467815719711957,0.0,1,0,1
0,0,0,0.2670322399795593,0.0,1,0,0
0,0,0,0.28716566160918067,0.0,1,0,0
0,0,0,0.3071729968384354,0.0,1,-1,0
1,0,0,0.32704546100670007,0.0,1,0,0
0,0,0,0.3467743286714637,0.0,1,0,0
0,0,0,0.36635093743939884,0.0,1,0,0
0,0,0,0.385766691769816,0.0,1,0,0
0,0,0,0.4050130667486978,0.0,1,0,0
0,0,0,0.4240816118317636,0.0,1,0,1
0,0,0,0.4429639545548406,0.0,1,0,0
0,0,0,0.4616518042100175,0.0,1,0,0
0,0,0,0.48013695548583596,0.0,1,0,0
0,0,0,0.4984112920700261,0.0,1,0,0
0,0,0,0.5164667902131269,0.0,1,0,0
0,0,0,0.5342955222515273,0.0,1,0,0
1,0,0,0.5518896600882564,0.0,1,0,1
0,0,0,0.5692414786300932,0.0,1,0,0
0,0,0,0.5863433591794163,0.0,1,0,0
1,0,1,0.6031877927793949,0.0,1,0,0
0,0,0,0.6197673835109387,0.0,1,0,0
0,0,0,0.6360748517400495,0.0,1,0,0
0,0,0,0.6521030373140831,0.0,1,-1,0
0,0,0,0.6678449027056053,0.0,1,0,0
0,0,0,0.6832935361023497,0.0,1,0,0
0,0,0,0.6984421544420131,0.0,1,0,0
0,0,0,0.7132841063904864,0.0,1,0,0
1,0,0,0.7278128752623015,0.0,1,0,0
0,0,0,0.742022081881903,0.0,1,0,0
0,0,0,0.7559054873845763,0.0,1,0,0
0,0,0,0.7694569959557402,0.0,1,-1,0
0,0,0,0.7826706575074756,0.0,1,0,0
0,0,0,0.7955406702910236,0.0,1,0,0
1,0,0,0.8080613834441812,0.0,1,0,-1
0,0,0,0.8202272994724179,0.0,1,0,0
0,2,0,0.8320330766626984,0.0,1,0,0
0,0,0,0.8434735314288617,0.0,1,0,0
0,0,0,0.8545436405875966,0.0,1,0,0
0,0,0,0.8652385435639657,0.0,0,0,-1
0,0,0,0.8755535445255709,0.0,1,0,0
0,0,0,0.8854841144443459,0.0,1,-1,0
0,0,0,0.8950258930851337,0.0,1,0,0
0,0,0,0.9041746909201297,0.0,1,0,0
1,0,0,0.9129264909684063,0.0,1,0,0
0,0,0,0.9212774505596463,0.0,1,0,0
0,0,0,0.9292239030213436,0.0,1,0,0
0,0,0,0.9367623592887536,0.0,1,0,0
0,0,0,0.9438895094368328,0.0,1,0,0
0,0,0,0.9506022241335383,0.0,1,0,0
0,0,0,0.956897556013822,0.0,1,0,0
0,0,0,0.9627727409737489,0.0,1,0,0
0,0,0,0.9682251993841289,0.0,0,-1,0
0,0,0,0.9732525372231635,0.0,1,0,1
1,0,0,0.9778525471275874,0.0,1,0,0
1,0,0,0.9820232093618698,0.0,1,0,0
0,0,0,0.9857626927050167,0.0,1,0,0
0,0,0,0.9890693552546118,0.0,1,0,0
0,0,0,0.9919417451477256,0.0,1,-1,0
0,0,0,0.9943786011983942,0.0,0,0,0
0,0,0,0.9963788534513661,0.0,1,0,-1
0,0,0,0.9979416236518918,0.0,1,0,0
0,0,0,0.9990662256313381,0.0,1,0,0
0,0,0,0.9997521656084691,0.0,1,0,0
0,0,0,0.99999914240625,0.0,1,0,0
0,0,0,0.9998070475840846,0.0,1,0,1
0,0,0,0.9991759654854301,0.0,1,0,0
0,0,0,0.9981061732007637,0.0,1,0,0
0,0,0,0.9965981404459195,0.0,1,0,0
0,0,0,0.9946525293558495,0.0,1,0,0
0,0,0,0.9922701941939004,0.0,1,0,0
0,0,0,0.9894521809767276,0.0,1,0,0
0,2,0,0.9861997270150205,0.0,1,0,0
0,0,1,0.9825142603702323,0.0,1,-1,0
0,0,0,0.9783973992275632,0.0,1,0,0
0,0,0,0.9738509511854532,0.0,1,0,0
0,0,0,0.968876912461921,0.0,1,0,0
0,0,0,0.9634774670180778,0.0,1,0,0
0,0,0,0.9576549855992182,0.0,1,0,0
1,0,0,0.9514120246938815,0.0,1,0,0
0,0,0,0.9447513254113766,0.0,1,0,0
0,0,0,0.9376758122782328,0.0,1,0,0
0,0,0,0.9301885919541326,0.0,1,0,0
0,0,0,0.9222929518678495,0.0,1,0,0
0,0,0,0.913992358773837,0.0,1,0,0
0,0,0,0.9052904572300824,0.0,1,0,0
0,0,0,0.8961910679978671,0.0,1,0,0
0,0,0,0.8866981863641881,0.0,1,0,0
0,0,0,0.8768159803875335,0.0,1,0,0
0,0,0,0.8665487890678177,0.0,1,0,0
0,0,0,0.8559011204412288,0.0,1,0,0
0,0,0,0.8448776496008883,0.0,1,0,-1
0,0,0,0.8334832166441427,0.0,1,0,0
0,0,0,0.8217228245474268,0.0,1,0,0
0,0,0,0.8096016369695742,0.0,1,-1,0
0,0,0,0.7971249759846147,0.0,1,0,0
1,0,0,0.7842983197449921,0.0,1,0,0
0,0,0,0.7711273000762784,0.0,1,0,0
0,0,0,0.757617700004371,0.0,1,0,0
0,0,0,0.7437754512163455,0.0,1,0,0
0,0,0,0.7296066314560082,0.0,1,0,1
0,0,0,0.7151174618553489,0.0,1,-1,0
1,0,0,0.7003143042029869,0.0,1,0,0
0,2,0,0.6852036581509069,0.0,1,0,0
0,2,0,0.669792158360634,0.0,0,0,0
0,0,0,0.6540865715901607,0.0,1,-1,-1
0,0,0,0.6380937937228209,0.0,1,0,0
0,0,0,0.6218208467395224,0.0,1,0,-1
0,0,0,0.6052748756355805,0.0,1,0,0
0,0,0,0.5884631452835726,0.0,1,0,0
0,0,0,0.5713930372435033,0.0,1,0,0
0,0,0,0.5540720465217903,0.0,1,0,0
0,0,0,0.5365077782804049,0.0,1,0,0
0,0,0,0.5187079444976825,0.0,1,0,-1
0,2,0,0.5006803605821737,0.0,1,0,0
0,0,0,0.4824329419411399,0.0,1,0,0
0,0,0,0.4639737005051085,0.0,1,0,0
0,0,0,0.445310741210083,0.0,1,-1,0
0,0,0,0.42645225843885526,0.0,1,0,0
0,0,0,0.40740653242310654,0.0,1,0,0
0,0,0,0.38818192560777653,0.0,1,0,0
0,0,0,0.36878687897937457,0.0,1,0,0
0,0,0,0.3492299083597392,0.0,1,0,0
0,0,0,0.32951960066699915,0.0,1,0,0
0,0,0,0.30966461014531776,0.0,1,0,0
0,0,0,0.2896736545650172,0.0,1,0,0
0,0,0,0.2695555113948757,0.0,1,0,0
0,0,0,0.24931901394817396,0.0,1,0,0
0,0,0,0.22897304750426153,0.0,1,0,0
0,0,0,0.20852654540723867,0.0,1,0,0
0,0,0,0.1879884851436024,0.0,1,-1,0
0,0,0,0.1673678844004697,0.0,1,0,0
0,0,0,0.14667379710619174,0.0,1,0,0
0,0,0,0.12591530945498536,0.0,1,0,0
0,0,0,0.10510153591746775,0.0,1,0,1
0,0,0,0.08424161523873346,0.0,1,0,0
0,0,0,0.06334470642581569,0.0,1,0,0
0,0,0,0.04241998472618036,0.0,1,0,0
0,0,0,0.02147663759916018,0.0,1,0,0
0,0,0,0.0005238606819843088,0.0,1,0,0
0,0,0,-0.02042914624773998,0.0,1,0,-1
0,0,0,-0.041373183311434664,0.0,1,0,0
0,2,0,-0.06229905456893158,0.0,1,0,0
0,0,0,-0.08319757205616647,0.0,1,0,0
1,0,0,-0.10405955981932832,0.0,1,0,0
1,0,0,-0.12487585794380629,0.0,1,0,0
0,0,0,-0.1456373265760233,0.0,1,0,0
0,0,0,-0.16633484993650385,0.0,1,0,1
0,0,0,-0.1869593403223297,0.0,1,0,0
0,0,0,-0.20750174209733746,0.0,1,0,0
0,0,0,-0.22795303566816708,0.0,1,0,-1
0,0,0,-0.24830424144452645,0.0,1,0,0
0,0,0,-0.2685464237818506,0.0,1,0,0
0,0,0,-0.2886706949047342,0.0,1,0,0
0,0,0,-0.3086682188092774,0.0,1,0,0
0,0,0,-0.3285302151427413,0.0,1,0,0
0,0,0,-0.34824796305872785,0.0,1,0,0
0,0,0,-0.3678128050463002,0.0,1,0,0
0,0,0,-0.38721615073122573,0.0,1,0,0
0,0,0,-0.4064494806477824,0.0,1,0,0
0,2,0,-0.4255043499793916,0.0,1,0,0
0,0,0,-0.44437239226653963,0.0,1,-1,0
0,0,0,-0.4630453230802357,0.0,1,-1,0
0,0,0,-0.48151494365945463,0.0,1,0,0
0,0,0,-0.49977314451102045,0.0,1,0,0
1,0,0,-0.517811908970233,0.0,1,0,0
0,0,0,-0.535623316720773,0.0,1,0,0
0,0,0,-0.5531995472722668,0.0,1,0,0
0,0,0,-0.5705328833940818,0.0,1,-1,0
0,0,0,-0.5876157145037207,0.0,1,0,0
0,0,0,-0.6044405400084285,0.0,1,0,0
0,0,0,-0.6209999725984687,0.0,1,0,0
0,0,0,-0.6372867414907188,0.0,1,0,0
0,0,0,-0.6532936956210452,0.0,1,-1,0
0,0,0,-0.6690138067841452,0.0,1,0,0
0,0,0,-0.6844401727194147,0.0,1,0,0
0,0,0,-0.6995660201415694,0.0,1,0,0
0,0,0,-0.7143847077145828,0.0,1,0,0
0,0,0,-0.728889728967722,0.0,1,0,0
0,0,0,-0.7430747151523363,0.0,1,0,1
0,0,0,-0.7569334380382262,0.0,1,0,0
0,0,0,-0.7704598126482656,0.0,1,0,0
0,0,0,-0.7836478999301534,0.0,1,0,-1
0,0,0,-0.796491909364068,0.0,1,0,0
0,0,0,-0.8089862015051489,0.0,1,0,-1
0,0,0,-0.8211252904596009,0.0,1,0,0
1,0,0,-0.8329038462934051,0.0,1,0,0
0,0,0,-0.8443166973725277,0.0,1,-1,0
0,0,0,-0.8553588326336639,0.0,1,0,1
0,0,0,-0.866025403784439,0.0,1,0,0
